,pseudo_ALG,main_ALG,DATASET,method,vMAE,vSTD,eMAE,vs
0,MLP,Lasso,FCT,SSL,0.9726209362404422,0.20675502732003823,0.8108762925922359,[-1.0520039  -1.20076723 -0.64318004 -0.8309097  -1.13624381]
1,MLP,BaggingRegressor,FCT,SSL,0.9554090111718729,0.2367686668420274,1.0057099945201462,[-0.85108462 -1.19022953 -0.68488679 -0.76921234 -1.28163176]
2,MLP,KNeighborsRegressor,FCT,SSL,0.7861706884806038,0.3054167431464143,0.9059395731298892,[-0.85723901 -1.0192213  -0.48182913 -0.38979125 -1.18277275]
3,MLP,AdaBoostRegressor,FCT,SSL,0.7857650043966519,0.3830503807734573,0.9093849556602693,[-0.88394212 -1.25217257 -0.43523721 -0.25407005 -1.10340308]
4,MLP,LinearRegression,FCT,SSL,0.9091494662805211,0.24886629624354803,0.8286383732710089,[-1.06550215 -1.20984201 -0.60139462 -0.62360958 -1.04539898]
5,MLP,SVR,FCT,SSL,0.8454941986495891,0.23245033136681734,0.8213778616711988,[-0.92455449 -1.14568716 -0.55946378 -0.58954956 -1.00821601]
6,MLP,DecisionTreeRegressor,FCT,SSL,0.9400348231624666,0.16575090470939868,0.7536090882781121,[-0.93136533 -1.25458146 -0.82621022 -0.78504273 -0.90297437]
7,MLP,RandomForestRegressor,FCT,SSL,0.7984360193992905,0.23182245101672258,0.9900787670802998,[-0.79913597 -1.20119368 -0.60642149 -0.53897711 -0.84645184]
8,MLP,MLPRegressor,FCT,SSL,0.6123240206756317,0.32592642695426205,1.0391965931884877,[-0.86727001 -1.08494239 -0.30820224 -0.22648677 -0.57471869]
9,MLP,GradientBoostingRegressor,FCT,SSL,0.8828340079728013,0.23975851487570288,0.8500247115002375,[-1.04413885 -1.18691397 -0.62110036 -0.58138948 -0.98062738]
10,MLP,Lasso,FPT,SSL,0.9871357502909955,0.23430915218071555,0.751676808147718,[-1.03875971 -1.2313874  -0.86464395 -0.59866182 -1.20222587]
11,MLP,BaggingRegressor,FPT,SSL,1.044232821378171,0.233723722490193,1.1602570016255838,[-1.31943795 -1.25163026 -0.79940242 -0.74345033 -1.10724316]
12,MLP,KNeighborsRegressor,FPT,SSL,0.9912479871938344,0.256127378972465,1.0042727498600565,[-1.30553832 -1.15231872 -0.6267033  -0.7566039  -1.1150757 ]
13,MLP,AdaBoostRegressor,FPT,SSL,1.174346976037286,0.3792728409770901,1.0184887773966236,[-1.08757992 -1.50351017 -0.76666552 -0.79682732 -1.71715196]
14,MLP,LinearRegression,FPT,SSL,0.9335006349850549,0.261535915180738,0.8033374089599181,[-0.97511325 -1.35436164 -0.60775153 -0.71071962 -1.01955714]
15,MLP,SVR,FPT,SSL,1.0464471337913075,0.12696959032541988,0.7931789537523556,[-1.05102239 -1.22152289 -0.83089398 -1.02680642 -1.10199   ]
16,MLP,DecisionTreeRegressor,FPT,SSL,1.1561104104369904,0.2770017027473756,1.16380134256518,[-1.29901086 -1.45873061 -0.74171188 -0.9175698  -1.3635289 ]
17,MLP,RandomForestRegressor,FPT,SSL,1.1382950194835337,0.24407961754741753,1.0669730164560245,[-1.24533795 -1.21314934 -0.72317382 -1.05330016 -1.45651382]
18,MLP,MLPRegressor,FPT,SSL,0.7618204946659561,0.33713165065447187,1.0548827265290996,[-1.15424103 -1.17658195 -0.39070308 -0.47500043 -0.61257599]
19,MLP,GradientBoostingRegressor,FPT,SSL,1.0966230417683296,0.27103801020707263,0.7845188548171992,[-1.03299845 -1.21007509 -0.73200545 -0.96428016 -1.54375605]
20,MLP,Lasso,SPT,SSL,1.0551664212977763,0.13302032776580636,0.8247654751765265,[-1.0604576  -1.19809741 -0.83257917 -1.00373573 -1.18096219]
21,MLP,BaggingRegressor,SPT,SSL,0.8797445794882421,0.22034219447231385,0.8588828501977603,[-1.06725807 -1.20911595 -0.78426465 -0.64455611 -0.69352811]
22,MLP,KNeighborsRegressor,SPT,SSL,0.8867238217309155,0.12964439663956245,0.8510901244683083,[-0.88202451 -1.08718314 -0.70651323 -0.80399721 -0.95390102]
23,MLP,AdaBoostRegressor,SPT,SSL,0.9011768844613689,0.14646048538964532,0.7424441649589693,[-1.02233366 -1.11950363 -0.72459378 -0.80459445 -0.8348589 ]
24,MLP,LinearRegression,SPT,SSL,1.1049212489592881,0.17349331778576071,0.7502551395272754,[-1.05598808 -1.38137449 -0.9357481  -0.93194746 -1.21954811]
25,MLP,SVR,SPT,SSL,0.7910316144712175,0.2991714267558008,0.9449480742627145,[-1.09868426 -1.20552804 -0.61258622 -0.54573796 -0.49262159]
26,MLP,DecisionTreeRegressor,SPT,SSL,0.971386445641364,0.2445454837035125,0.9567166185286433,[-1.27231472 -1.18486772 -0.74863075 -0.6375046  -1.01361444]
27,MLP,RandomForestRegressor,SPT,SSL,0.9073236460820444,0.17264208950217935,0.89116062538693,[-0.93116403 -1.22970776 -0.84706561 -0.76245138 -0.76622944]
28,MLP,MLPRegressor,SPT,SSL,0.6985449302947029,0.41204471022534017,1.0107072632128522,[-1.16521413 -1.21600885 -0.52440343 -0.24361564 -0.3434826 ]
29,MLP,GradientBoostingRegressor,SPT,SSL,1.0355062152479593,0.13742091579022295,0.8005916216824757,[-1.04561108 -1.19590511 -0.81426263 -0.96507258 -1.15667967]
30,MLP,Lasso,SCT,SSL,0.9691995150919904,0.15082745426415087,0.7996072145307562,[-1.04677944 -1.20599169 -0.87383506 -0.76331397 -0.95607742]
31,MLP,BaggingRegressor,SCT,SSL,0.9308403813570024,0.15090424536197966,0.7824648566118515,[-0.99245779 -1.16144895 -0.70351147 -0.85902694 -0.93775676]
32,MLP,KNeighborsRegressor,SCT,SSL,0.998533990300578,0.17093275080579476,0.8921785057528027,[-1.0592163  -1.28273814 -0.78783638 -0.8672567  -0.99562244]
33,MLP,AdaBoostRegressor,SCT,SSL,1.003250552961206,0.16305830733495236,0.7930514827259539,[-0.98496205 -1.24167458 -0.81444622 -0.84683398 -1.12833593]
34,MLP,LinearRegression,SCT,SSL,1.0278096768543779,0.09170041450010424,0.7652204447742831,[-1.02209848 -1.20581942 -0.95467205 -0.98366915 -0.97278929]
35,MLP,SVR,SCT,SSL,0.9944633639459942,0.12055459874266734,0.7535591221752297,[-1.02937597 -1.20834211 -0.86432265 -0.96453582 -0.90574028]
36,MLP,DecisionTreeRegressor,SCT,SSL,1.173425929633796,0.24015563717551577,1.0419750894540978,[-1.11066458 -1.61449036 -0.88718614 -1.08423299 -1.17055558]
37,MLP,RandomForestRegressor,SCT,SSL,1.0672043397524669,0.15436509176757768,0.7835848916389228,[-1.0055409  -1.32875009 -1.09884518 -0.85363754 -1.049248  ]
38,MLP,MLPRegressor,SCT,SSL,0.8709129621027536,0.28314454723611376,1.2008280880071858,[-1.13613337 -1.26621523 -0.52473038 -0.76374891 -0.66373692]
39,MLP,GradientBoostingRegressor,SCT,SSL,1.07809535857216,0.24916953604860828,0.7721854550941825,[-1.01706753 -1.21181852 -0.74524187 -0.93967078 -1.47667809]
40,MLP,Lasso,FCT+CT,SSL,0.8099379075509152,0.2865985938355035,0.7701056461007993,[-1.03690879 -1.21966892 -0.57992366 -0.43971912 -0.77346905]
41,MLP,BaggingRegressor,FCT+CT,SSL,0.9357207080742285,0.40126196175909257,0.8867562026732327,[-1.03675811 -1.15098783 -0.51526459 -0.455678   -1.519915  ]
42,MLP,KNeighborsRegressor,FCT+CT,SSL,0.6811240710441028,0.30982695089698864,0.7189172510976146,[-0.88602891 -1.17325163 -0.40390239 -0.34709016 -0.59534727]
43,MLP,AdaBoostRegressor,FCT+CT,SSL,0.8458221911745343,0.40583844872206004,0.7610788348288398,[-1.03078324 -1.17236198 -0.38379466 -0.33735412 -1.30481696]
44,MLP,LinearRegression,FCT+CT,SSL,0.9377035792610563,0.4526923021215108,0.7487530196413955,[-1.29935362 -1.21685746 -0.37879502 -0.39665503 -1.39685677]
45,MLP,SVR,FCT+CT,SSL,0.7298676228338139,0.3386005012392435,0.7403462808053412,[-1.03316154 -1.21913255 -0.48043908 -0.3314674  -0.58513754]
46,MLP,DecisionTreeRegressor,FCT+CT,SSL,1.1453899662725835,0.29229278373526185,1.1430853649378379,[-1.44106508 -1.12060104 -0.90289607 -0.75707436 -1.50531328]
47,MLP,RandomForestRegressor,FCT+CT,SSL,0.8315627884354362,0.34855759424429616,0.8645132617197093,[-1.06664484 -1.09416976 -0.49862471 -0.32562103 -1.1727536 ]
48,MLP,MLPRegressor,FCT+CT,SSL,0.7768795430404751,0.38001601669650165,0.898196906896971,[-1.15286442 -1.15544771 -0.39893896 -0.25418968 -0.92295694]
49,MLP,GradientBoostingRegressor,FCT+CT,SSL,0.9894443470231575,0.18804482606234713,0.8557403316422837,[-1.06309919 -1.1934821  -0.82259311 -0.71520227 -1.15284505]
50,MLP,Lasso,SCT+CT,SSL,0.8428138755167118,0.2502166611596602,0.8150504877692984,[-1.07963381 -1.20998633 -0.66000848 -0.62864641 -0.63579436]
51,MLP,BaggingRegressor,SCT+CT,SSL,0.8194718657578054,0.3046211123086655,0.8714751350339777,[-1.05529267 -1.30247806 -0.53647749 -0.60274174 -0.60036936]
52,MLP,KNeighborsRegressor,SCT+CT,SSL,0.7101076344854966,0.34474759162384505,0.8464317382437014,[-0.99971863 -1.23747781 -0.51654038 -0.4137295  -0.38307185]
53,MLP,AdaBoostRegressor,SCT+CT,SSL,0.7842415629250327,0.34000200864537516,0.7980523858245964,[-1.03779393 -1.32582519 -0.5945134  -0.50550737 -0.45756792]
54,MLP,LinearRegression,SCT+CT,SSL,0.875511474051201,0.2235598646088312,0.8147826498067984,[-1.09367661 -1.19097407 -0.6307503  -0.75508251 -0.70707388]
55,MLP,SVR,SCT+CT,SSL,0.8095228874151058,0.27395511326763955,0.7506303957436978,[-1.05223059 -1.22140846 -0.60201059 -0.62898362 -0.54298118]
56,MLP,DecisionTreeRegressor,SCT+CT,SSL,0.9157413662905587,0.24731975322957617,0.9284121433373391,[-1.06939768 -1.3113541  -0.8361365  -0.74831269 -0.61350585]
57,MLP,RandomForestRegressor,SCT+CT,SSL,0.7899755104989937,0.3301783536791421,0.7678989249715313,[-1.13911986 -1.23985885 -0.58691268 -0.52338061 -0.46060555]
58,MLP,MLPRegressor,SCT+CT,SSL,0.77348387154281,0.3585380015499913,0.9916056328928942,[-1.10513142 -1.30282956 -0.45266317 -0.54659157 -0.46020364]
59,MLP,GradientBoostingRegressor,SCT+CT,SSL,0.8445815784280164,0.23778687663925813,0.7853550959094413,[-1.04724376 -1.21042624 -0.66020518 -0.64891358 -0.65611914]
60,MLP,Lasso,CCT,SSL,0.9546194625565929,0.15618483936074853,0.8254421412484387,[-1.08194015 -1.19749219 -0.83616585 -0.85169594 -0.80580317]
61,MLP,BaggingRegressor,CCT,SSL,0.8497288199385042,0.28957604173235846,0.750493577189187,[-1.05676977 -1.31919229 -0.64414873 -0.65209174 -0.57644156]
62,MLP,KNeighborsRegressor,CCT,SSL,0.8071376255201619,0.30245427649644807,0.7186625170337005,[-0.9338922  -1.33839652 -0.63745785 -0.63734847 -0.48859309]
63,MLP,AdaBoostRegressor,CCT,SSL,1.0527717019338068,0.2702087673013897,0.7844507302959828,[-1.14684843 -1.47665713 -0.7409578  -1.12007677 -0.77931838]
64,MLP,LinearRegression,CCT,SSL,0.8496483179299474,0.2976304893833345,0.7512197526240905,[-1.07549612 -1.31844155 -0.5394808  -0.68928149 -0.62554162]
65,MLP,SVR,CCT,SSL,1.0118345436204597,0.24458705382771165,0.8739533930037652,[-1.03868694 -1.46625424 -0.7546737  -0.88173462 -0.91782323]
66,MLP,DecisionTreeRegressor,CCT,SSL,1.0052719972448165,0.3147049705677354,0.8919279755714316,[-1.10011185 -1.52983477 -0.91861318 -0.91442454 -0.56337565]
67,MLP,RandomForestRegressor,CCT,SSL,0.8553844601694236,0.35872816721947726,0.75559141646987,[-1.08305681 -1.44315886 -0.48189288 -0.70133186 -0.5674819 ]
68,MLP,MLPRegressor,CCT,SSL,0.8806018159612294,0.4461946036673196,1.069686248657637,[-1.15104322 -1.61986421 -0.55641355 -0.40417116 -0.67151693]
69,MLP,GradientBoostingRegressor,CCT,SSL,0.8607031313495526,0.2337653612056331,0.8369353063652133,[-1.06263089 -1.20850981 -0.5943398  -0.73294418 -0.70509098]
70,MLP,Lasso,CPT,SSL,0.8465863735896333,0.23854987447511783,0.8117259356822701,[-1.0523978  -1.20037332 -0.67852155 -0.57300052 -0.72863867]
71,MLP,BaggingRegressor,CPT,SSL,0.8552625595508229,0.244461714983957,0.8263628315071205,[-1.12362651 -1.17767433 -0.63970891 -0.722332   -0.61297104]
72,MLP,KNeighborsRegressor,CPT,SSL,0.8465481365145253,0.25834713603518844,0.911170110117876,[-1.1080334  -1.19726101 -0.54159465 -0.72568163 -0.66016999]
73,MLP,AdaBoostRegressor,CPT,SSL,0.7844500801589068,0.2776096906027567,0.8394876487321865,[-1.06550131 -1.17695847 -0.54686427 -0.58645649 -0.54646985]
74,MLP,LinearRegression,CPT,SSL,0.8572478066119954,0.2712217607976427,0.8353776225351085,[-1.06601586 -1.2774872  -0.55001362 -0.72337146 -0.66935089]
75,MLP,SVR,CPT,SSL,0.8947155908922853,0.20005254437028885,0.7780853018897883,[-1.04234496 -1.21026187 -0.80372522 -0.73312833 -0.68411757]
76,MLP,DecisionTreeRegressor,CPT,SSL,0.997612482883949,0.22392622522973837,1.0760638663234399,[-1.12299364 -1.37490509 -0.79050175 -0.79473551 -0.90492642]
77,MLP,RandomForestRegressor,CPT,SSL,0.6625270863371193,0.366517912121354,0.8591675289598436,[-0.98776148 -1.19602684 -0.40791499 -0.2301425  -0.49078962]
78,MLP,MLPRegressor,CPT,SSL,0.8640611000924519,0.325520392920181,0.709590906271165,[-1.12216385 -1.35268531 -0.46220006 -0.64986433 -0.73339195]
79,MLP,GradientBoostingRegressor,CPT,SSL,0.8602652328611786,0.21919222992134949,0.7887495764472638,[-1.03024491 -1.20408967 -0.69874886 -0.73400606 -0.63423666]
80,MLP,Lasso,CCT+CT,SSL,0.8637368563671088,0.24852888747962107,0.858723969667756,[-1.08003172 -1.20612618 -0.51270856 -0.75556292 -0.7642549 ]
81,MLP,BaggingRegressor,CCT+CT,SSL,0.8144461842774137,0.29738236024198106,0.8868763363321944,[-1.08877023 -1.25515052 -0.57242205 -0.61159787 -0.54429026]
82,MLP,KNeighborsRegressor,CCT+CT,SSL,0.8097724839323653,0.2590823465979865,0.9036820305772094,[-1.00904175 -1.21610889 -0.5545161  -0.68081834 -0.58837735]
83,MLP,AdaBoostRegressor,CCT+CT,SSL,0.8261887021673774,0.31743586652515654,0.7496564108677497,[-0.99823425 -1.36561011 -0.67228033 -0.50197297 -0.59284584]
84,MLP,LinearRegression,CCT+CT,SSL,0.8858573511083063,0.2759280588409211,0.8020973015024889,[-1.00893843 -1.36835795 -0.61080538 -0.75557216 -0.68561284]
85,MLP,SVR,CCT+CT,SSL,0.8524138168277601,0.2557460451968813,0.8218178115222863,[-1.05620718 -1.23416059 -0.52745782 -0.73259609 -0.71164742]
86,MLP,DecisionTreeRegressor,CCT+CT,SSL,1.052145057638642,0.2485484496405362,0.9127949781525142,[-1.2760311  -1.40830693 -0.93505037 -0.89493625 -0.74640064]
87,MLP,RandomForestRegressor,CCT+CT,SSL,0.7689694777908679,0.3197721914180386,0.7832504587571381,[-1.05410232 -1.25045214 -0.48233126 -0.54891086 -0.50905081]
88,MLP,MLPRegressor,CCT+CT,SSL,1.1783402980114552,0.29028767075620965,1.051249240875416,[-1.1737672  -1.68254892 -0.80410309 -1.21354811 -1.01773416]
89,MLP,GradientBoostingRegressor,CCT+CT,SSL,0.8543240944528849,0.24930590087635157,0.8343286325939511,[-1.07177303 -1.20685369 -0.54880793 -0.79590247 -0.64828335]
90,MLP,Lasso,FPT+PT,SSL,1.0195396145506708,0.13264745382718834,0.7698411420260021,[-1.03684747 -1.21979155 -0.87627144 -0.87218731 -1.0926003 ]
91,MLP,BaggingRegressor,FPT+PT,SSL,1.0732484906225885,0.1613691174703963,0.87303210705384,[-1.06464831 -1.17764501 -0.77411194 -1.24226498 -1.10757222]
92,MLP,KNeighborsRegressor,FPT+PT,SSL,1.0630146376203882,0.20356697481128067,0.9596490029787799,[-1.33135076 -1.23219252 -0.88352593 -0.79070612 -1.07729785]
93,MLP,AdaBoostRegressor,FPT+PT,SSL,1.2163172853800233,0.49399771060826314,0.9275863804834005,[-1.01126836 -1.29354851 -0.80950316 -0.82646288 -2.14080351]
94,MLP,LinearRegression,FPT+PT,SSL,1.0319198437711352,0.10041270702343781,0.7942178740274108,[-1.04428088 -1.20849024 -0.97185853 -0.9075993  -1.02737026]
95,MLP,SVR,FPT+PT,SSL,0.9880433998697835,0.14108928480031616,0.7584235927564331,[-1.03691507 -1.22821841 -0.92745502 -0.94342355 -0.80420495]
96,MLP,DecisionTreeRegressor,FPT+PT,SSL,1.2594540806485706,0.2668934331084407,1.1406652765587209,[-1.73055906 -1.34065115 -1.1975942  -0.97219577 -1.05627023]
97,MLP,RandomForestRegressor,FPT+PT,SSL,1.0436353936747258,0.1367691238172503,0.8308783800828389,[-1.09774649 -1.28681317 -0.92112115 -0.93193042 -0.98056574]
98,MLP,MLPRegressor,FPT+PT,SSL,0.9718050837881991,0.27063819754898966,1.2031338217375505,[-1.21741155 -1.37687271 -0.77615417 -0.74109035 -0.74749663]
99,MLP,GradientBoostingRegressor,FPT+PT,SSL,1.0541780189509846,0.09823317697387009,0.757177360038488,[-1.01974822 -1.22279339 -0.91795396 -1.04914912 -1.06124541]
100,MLP,Lasso,CPT+PT,SSL,1.0439873749429054,0.11917074422976616,0.7803595357147606,[-1.03928569 -1.21491511 -0.94795871 -0.88624164 -1.13153572]
101,MLP,BaggingRegressor,CPT+PT,SSL,0.7785299478164555,0.2457094181887532,0.9262948492868779,[-1.04640705 -1.10208171 -0.56815198 -0.5225716  -0.65343741]
102,MLP,KNeighborsRegressor,CPT+PT,SSL,0.8364894150152123,0.23388772397962598,0.7655280655419163,[-0.87266829 -1.25204713 -0.62482347 -0.83025388 -0.6026543 ]
103,MLP,AdaBoostRegressor,CPT+PT,SSL,0.7822256178425349,0.30287495506245976,0.8062449289732262,[-1.09752184 -1.20036766 -0.48793759 -0.58891657 -0.53638444]
104,MLP,LinearRegression,CPT+PT,SSL,0.7836188030679236,0.26152660651330323,0.765272969009227,[-1.05763672 -1.14517833 -0.59207425 -0.58278958 -0.54041513]
105,MLP,SVR,CPT+PT,SSL,0.7783167847499322,0.2875268489155309,0.7658459382442311,[-1.03893575 -1.20533    -0.59686005 -0.55734269 -0.49311542]
106,MLP,DecisionTreeRegressor,CPT+PT,SSL,1.0540179735891966,0.1430795884703406,0.7884099954931686,[-1.12417203 -1.30461766 -0.93229263 -0.95187326 -0.95713429]
107,MLP,RandomForestRegressor,CPT+PT,SSL,0.9654982090346064,0.1456108234718476,0.7920867055577909,[-0.93032059 -1.18324626 -0.77119925 -0.87251912 -1.07020582]
108,MLP,MLPRegressor,CPT+PT,SSL,0.7155039927053366,0.2837540004753596,1.2149194726970265,[-0.85316298 -1.18536954 -0.50969847 -0.37355402 -0.65573494]
109,MLP,GradientBoostingRegressor,CPT+PT,SSL,1.06404563281684,0.1319596486643241,0.8076309555792491,[-1.04552344 -1.20170223 -0.82098479 -1.10346028 -1.14855743]
110,MLP,Lasso,SPT+PT,SSL,0.9047311157290923,0.23125502218383154,0.7993577902168965,[-1.0466638  -1.20610732 -0.64694888 -0.62123215 -1.00270343]
111,MLP,BaggingRegressor,SPT+PT,SSL,0.930841701417646,0.1662144030903995,0.8645738222413166,[-1.00653536 -1.16517947 -0.69029135 -0.80332687 -0.98887545]
112,MLP,KNeighborsRegressor,SPT+PT,SSL,0.7383974990915617,0.3365761367100678,0.9330295184108991,[-1.06767601 -1.22156316 -0.41539412 -0.50845483 -0.47889938]
113,MLP,AdaBoostRegressor,SPT+PT,SSL,0.9862175225877838,0.20433128558474356,0.710611493177851,[-1.15598227 -1.23508242 -0.78615887 -0.71247464 -1.04138941]
114,MLP,LinearRegression,SPT+PT,SSL,0.9842959935216801,0.15028115205225745,0.7714030985554949,[-1.07361869 -1.17081659 -0.77170668 -0.84552682 -1.0598112 ]
115,MLP,SVR,SPT+PT,SSL,0.9684834568737342,0.2118406658739912,0.8036873092319101,[-1.05458303 -1.19757023 -0.7417045  -0.69066488 -1.15789464]
116,MLP,DecisionTreeRegressor,SPT+PT,SSL,0.985764334001621,0.28675235509910596,0.962787787221783,[-1.23040005 -1.33735617 -0.95357206 -0.51994399 -0.88754939]
117,MLP,RandomForestRegressor,SPT+PT,SSL,0.9157047005264347,0.23346134752084152,0.8013776778401779,[-1.04345628 -1.19229309 -0.80383215 -0.52005634 -1.01888564]
118,MLP,MLPRegressor,SPT+PT,SSL,0.7938775379238019,0.4708701577614127,1.1987117119810402,[-1.57269342 -1.09862632 -0.54138274 -0.37220526 -0.38447994]
119,MLP,GradientBoostingRegressor,SPT+PT,SSL,0.9741763952363633,0.20709473144628449,0.8211746475399302,[-1.07261722 -1.19037646 -0.72440117 -0.72550685 -1.15798028]
120,MLP,Lasso,clinical,SSL,0.7146436246622737,0.3660610278771583,0.7868182407762079,[-1.08361507 -1.22183383 -0.42102011 -0.32156238 -0.52518673]
121,MLP,BaggingRegressor,clinical,SSL,0.695926895822843,0.3671664092536026,1.0462074195794742,[-1.13484115 -1.13909431 -0.39414831 -0.29271202 -0.51883869]
122,MLP,KNeighborsRegressor,clinical,SSL,0.6138254259841416,0.3877682886363062,0.9355656808660442,[-1.04148302 -1.1265074  -0.28088853 -0.2367367  -0.38351148]
123,MLP,AdaBoostRegressor,clinical,SSL,0.6882884972373499,0.3747209122698843,0.8532562230247841,[-1.08876591 -1.18489978 -0.41262458 -0.26356096 -0.49159125]
124,MLP,LinearRegression,clinical,SSL,0.6468602511673548,0.4293077821373196,0.881163690357581,[-1.10650459 -1.20160753 -0.27324794 -0.15673082 -0.49621039]
125,MLP,SVR,clinical,SSL,0.6784039041644297,0.38320253641162394,0.7439236593077554,[-1.06779866 -1.21237327 -0.33935192 -0.30942735 -0.46306832]
126,MLP,DecisionTreeRegressor,clinical,SSL,0.8927244290285514,0.41773548016038975,1.1871683286159187,[-1.09669677 -1.15834373 -0.44207825 -0.35547576 -1.41102764]
127,MLP,RandomForestRegressor,clinical,SSL,0.6853764396134472,0.39123324122532493,1.098855968146644,[-1.19112401 -1.12852247 -0.43929489 -0.28091516 -0.38702567]
128,MLP,MLPRegressor,clinical,SSL,0.5270822814527828,0.3908396175451378,0.976857431886968,[-0.95849774 -1.04962506 -0.22935089 -0.18098338 -0.21695433]
129,MLP,GradientBoostingRegressor,clinical,SSL,0.6969004994568231,0.3708305498728364,0.8188253851668745,[-1.07585885 -1.20455827 -0.37501573 -0.30687775 -0.52219189]
130,MLP,Lasso,PT,SSL,0.8671324952435455,0.22998874988855866,0.7846652922649026,[-1.04028379 -1.21291892 -0.60374977 -0.81966647 -0.65904352]
131,MLP,BaggingRegressor,PT,SSL,0.8879741479044491,0.16568094491553648,0.7803174905150005,[-1.11937974 -1.04896335 -0.82067872 -0.71108337 -0.73976557]
132,MLP,KNeighborsRegressor,PT,SSL,0.7277208160732183,0.24428816965792663,0.8032661236613272,[-0.94503039 -1.09415557 -0.57191267 -0.49089657 -0.53660889]
133,MLP,AdaBoostRegressor,PT,SSL,0.9041124855371624,0.23300248050547903,0.7372235065142744,[-1.02152451 -1.21656022 -0.56959675 -0.70879971 -1.00408123]
134,MLP,LinearRegression,PT,SSL,0.9940682915692871,0.1743794880477046,0.7539256215752138,[-1.08219235 -1.21613555 -0.68772048 -0.9686418  -1.01565127]
135,MLP,SVR,PT,SSL,0.7593156123890135,0.2515294124854957,0.8648842407088198,[-1.05937585 -1.06636557 -0.5455173  -0.49571727 -0.62960207]
136,MLP,DecisionTreeRegressor,PT,SSL,0.9662922799080562,0.23896597403643924,1.2743635855166944,[-1.27380621 -1.21633903 -0.84883133 -0.65191709 -0.84056774]
137,MLP,RandomForestRegressor,PT,SSL,0.8577762639886727,0.18336415777798987,0.8824807652827568,[-0.99864762 -1.14870083 -0.72414418 -0.73440283 -0.68298585]
138,MLP,MLPRegressor,PT,SSL,0.579408817064144,0.27999699553567214,1.0492432308773563,[-0.75612509 -1.02868788 -0.50244396 -0.27120049 -0.33858667]
139,MLP,GradientBoostingRegressor,PT,SSL,0.9785385050632796,0.13612422217727824,0.8439981872374286,[-1.06617418 -1.16492964 -0.88686287 -0.99960585 -0.77511998]
140,MLP,Lasso,CT,SSL,0.8338124942324441,0.275539574561467,0.8439559952929777,[-1.08406178 -1.23121113 -0.50596457 -0.6590865  -0.68873849]
141,MLP,BaggingRegressor,CT,SSL,0.8229687145947159,0.31301633744805196,1.0138000141272752,[-1.12018488 -1.28146027 -0.56982371 -0.54958361 -0.5937911 ]
142,MLP,KNeighborsRegressor,CT,SSL,0.7437990658196366,0.3744192335301222,0.6933622697379048,[-1.0520425  -1.32728879 -0.44425359 -0.46191633 -0.43349411]
143,MLP,AdaBoostRegressor,CT,SSL,0.7359425026330072,0.3498645358787865,0.7608559642965625,[-1.04121734 -1.26398973 -0.51888477 -0.38911641 -0.46650426]
144,MLP,LinearRegression,CT,SSL,0.7671201728302034,0.3561305733483726,0.8776207403364484,[-1.05003186 -1.32387795 -0.47695225 -0.42546166 -0.55927714]
145,MLP,SVR,CT,SSL,0.8105427680116369,0.2718095664167126,0.7860683402873239,[-1.033679   -1.20736705 -0.46921519 -0.72962253 -0.61283008]
146,MLP,DecisionTreeRegressor,CT,SSL,1.1142404274388458,0.2028809947175749,1.0153640520677913,[-1.0657052  -1.45197298 -1.21309958 -0.87374984 -0.96667454]
147,MLP,RandomForestRegressor,CT,SSL,0.7733475057798505,0.349600254225677,0.9426868322117212,[-1.02808103 -1.2928783  -0.73296654 -0.4582579  -0.35455377]
148,MLP,MLPRegressor,CT,SSL,0.7077868738952183,0.44713231485752447,0.9794602921953949,[-1.201739   -1.30372756 -0.39311018 -0.34255166 -0.29780597]
149,MLP,GradientBoostingRegressor,CT,SSL,0.8018770393118553,0.2855203892134445,0.8367770416736127,[-1.08382789 -1.20869438 -0.52100398 -0.5815902  -0.61426876]
150,MLP,Lasso,CT+clinical,SSL,0.8709577234991255,0.26530851438493347,0.8702633579980221,[-1.08324163 -1.23858583 -0.5070676  -0.67356163 -0.85233192]
151,MLP,BaggingRegressor,CT+clinical,SSL,0.8179167898102555,0.42209038096571644,0.9209447645077811,[-1.22966108 -1.41201462 -0.59132897 -0.34657312 -0.51000617]
152,MLP,KNeighborsRegressor,CT+clinical,SSL,0.779709299655184,0.33249989737886626,0.6494892288494418,[-0.98053763 -1.32672833 -0.4695118  -0.45786038 -0.66390836]
153,MLP,AdaBoostRegressor,CT+clinical,SSL,0.7369999637223479,0.38663583600571155,0.8443053415525993,[-1.02327747 -1.354366   -0.40944882 -0.37442277 -0.52348476]
154,MLP,LinearRegression,CT+clinical,SSL,0.7858123230604179,0.3188159821151919,0.8551986831936146,[-1.04431185 -1.28467782 -0.50374164 -0.55072728 -0.54560301]
155,MLP,SVR,CT+clinical,SSL,0.8320745884729348,0.2877866769953862,0.7836038481144417,[-1.03029585 -1.21100148 -0.45233344 -0.54960425 -0.91713792]
156,MLP,DecisionTreeRegressor,CT+clinical,SSL,0.9741923520252851,0.33981736777393423,0.8817081428965171,[-1.39479394 -1.36936243 -0.68905614 -0.60346002 -0.81428923]
157,MLP,RandomForestRegressor,CT+clinical,SSL,0.7413830470212617,0.3552365231314868,0.9137152658435896,[-1.02946477 -1.28451908 -0.5748342  -0.45566514 -0.36243204]
158,MLP,MLPRegressor,CT+clinical,SSL,0.6806299536383806,0.4511563681607265,0.914777398180885,[-1.15136914 -1.28449423 -0.49838631 -0.22748115 -0.24141894]
159,MLP,GradientBoostingRegressor,CT+clinical,SSL,0.8285328288052203,0.2764655938085077,0.8396791662558621,[-1.06533921 -1.20378595 -0.49962162 -0.55093497 -0.82298239]
160,MLP,Lasso,PT+clinical,SSL,0.9575064343151217,0.1722197088132558,0.8066108344985936,[-1.05002639 -1.20274474 -0.69198502 -0.86444211 -0.97833392]
161,MLP,BaggingRegressor,PT+clinical,SSL,0.8518370672927965,0.2672469166207525,0.856778303931585,[-1.04671916 -1.21868214 -0.47809086 -0.64123703 -0.87445614]
162,MLP,KNeighborsRegressor,PT+clinical,SSL,0.7437172954577992,0.26113967864125937,0.7485896988714895,[-0.91404843 -1.16493731 -0.49988267 -0.65536326 -0.4843548 ]
163,MLP,AdaBoostRegressor,PT+clinical,SSL,0.9131161309131681,0.1511441162147981,0.8023289838404061,[-0.98844707 -1.15860072 -0.71545063 -0.82298701 -0.88009523]
164,MLP,LinearRegression,PT+clinical,SSL,0.9429839648674776,0.1795331212347502,0.7348904934520732,[-1.07572476 -1.15155089 -0.6481171  -0.8422536  -0.99727347]
165,MLP,SVR,PT+clinical,SSL,0.8082696353279731,0.253581194611048,0.797979809427105,[-1.06259676 -1.15928965 -0.53328537 -0.68452254 -0.60165386]
166,MLP,DecisionTreeRegressor,PT+clinical,SSL,1.0305011766761125,0.3174647291718052,0.711486577689807,[-1.22887381 -1.54299093 -0.93514389 -0.76401332 -0.68148394]
167,MLP,RandomForestRegressor,PT+clinical,SSL,0.8404823958418998,0.22677558316559338,0.8042402360072829,[-1.04303566 -1.14376908 -0.58637108 -0.59657366 -0.8326625 ]
168,MLP,MLPRegressor,PT+clinical,SSL,0.9473410104290126,0.11685637609499902,0.9182350019123422,[-0.98486702 -1.15709525 -0.90522605 -0.83966155 -0.84985519]
169,MLP,GradientBoostingRegressor,PT+clinical,SSL,0.8889083839926567,0.213231225176499,0.7645952329565284,[-1.04629748 -1.20724563 -0.6716778  -0.86122009 -0.65810093]
170,MLP,Lasso,FCT+clinical+CT,SSL,0.8618792613607912,0.3542827617465379,0.7261358439498848,[-1.08477604 -1.25641924 -0.40064301 -0.46969428 -1.09786373]
171,MLP,BaggingRegressor,FCT+clinical+CT,SSL,0.9225208599959768,0.39517850490760587,0.8073281149459787,[-1.05070281 -1.12417026 -0.40547109 -0.54769047 -1.48456968]
172,MLP,KNeighborsRegressor,FCT+clinical+CT,SSL,1.0843364823734762,0.7357032264554451,0.7326026203697527,[-1.06176917 -1.13703207 -0.43401741 -0.3727233  -2.41614047]
173,MLP,AdaBoostRegressor,FCT+clinical+CT,SSL,0.7703229990231419,0.2956390829725635,0.8216047407956774,[-1.03133097 -1.17066277 -0.44230758 -0.45288232 -0.75443135]
174,MLP,LinearRegression,FCT+clinical+CT,SSL,0.9718130697095446,0.37292909877470454,0.731968649528856,[-1.2427011  -1.21845104 -0.54490946 -0.49359481 -1.35940893]
175,MLP,SVR,FCT+clinical+CT,SSL,0.8071551697519178,0.31381542116846356,0.7216842101690288,[-0.95684689 -1.12861563 -0.45737518 -0.40227109 -1.09066705]
176,MLP,DecisionTreeRegressor,FCT+clinical+CT,SSL,1.019586862950786,0.21476606969494605,1.0162717089327225,[-1.15394672 -1.12901329 -0.73179442 -0.79992608 -1.28325381]
177,MLP,RandomForestRegressor,FCT+clinical+CT,SSL,1.0662770833903366,0.574202210626319,0.8367401281523794,[-1.11304129 -1.11415552 -0.55584357 -0.46885324 -2.07949179]
178,MLP,MLPRegressor,FCT+clinical+CT,SSL,1.3775447174604674,0.8332319939850029,0.9043820231405478,[-1.01198355 -1.27827947 -0.78510172 -0.80663606 -3.00572279]
179,MLP,GradientBoostingRegressor,FCT+clinical+CT,SSL,0.8626166523584681,0.30359857271369406,0.784465148799552,[-1.04187818 -1.17358487 -0.50519137 -0.48360188 -1.10882696]
180,MLP,Lasso,FPT+clinical+PT,SSL,1.0761674581666298,0.11990698405329091,0.8600455495471631,[-1.09556567 -1.26917145 -0.89230753 -1.05690686 -1.06688578]
181,MLP,BaggingRegressor,FPT+clinical+PT,SSL,0.9821799121687957,0.2711000559111321,1.027785986295918,[-1.17999398 -1.35705164 -0.71919565 -0.63931486 -1.01534343]
182,MLP,KNeighborsRegressor,FPT+clinical+PT,SSL,1.1743580608225432,0.17674642904044569,0.8834722680284258,[-1.33906957 -1.29489266 -0.86182279 -1.27879743 -1.09720785]
183,MLP,AdaBoostRegressor,FPT+clinical+PT,SSL,1.356959193340759,0.3543937514448166,0.9595260469095276,[-1.74457077 -1.35933127 -0.94859153 -0.97194747 -1.76035493]
184,MLP,LinearRegression,FPT+clinical+PT,SSL,1.2394747392098338,0.15425959730373726,0.8697574465546101,[-1.17062457 -1.26055712 -1.10279552 -1.13408277 -1.52931371]
185,MLP,SVR,FPT+clinical+PT,SSL,0.9727556768539651,0.18222358414393916,0.7642479326699964,[-1.07118766 -1.22206833 -0.84980731 -0.69634758 -1.02436751]
186,MLP,DecisionTreeRegressor,FPT+clinical+PT,SSL,1.1715835015211242,0.20099818566473207,1.2091077049530468,[-1.07159999 -1.34954565 -1.34878445 -0.82447647 -1.26351095]
187,MLP,RandomForestRegressor,FPT+clinical+PT,SSL,1.173933154793313,0.17492791261080445,0.935372568583831,[-1.31679001 -1.31529967 -1.00464946 -0.91981163 -1.313115  ]
188,MLP,MLPRegressor,FPT+clinical+PT,SSL,1.0648946208009478,0.28320181833002794,1.351511669382842,[-1.43724137 -1.32921893 -0.82302982 -0.70005145 -1.03493153]
189,MLP,GradientBoostingRegressor,FPT+clinical+PT,SSL,0.998000214670102,0.14779917094496398,0.7658726377124894,[-1.07676002 -1.22435372 -0.93769247 -0.97094432 -0.78025056]
190,MLP,Lasso,SCT+clinical+CT,SSL,0.7663727697641882,0.3313743919866772,0.7787240974909103,[-1.14489957 -1.19426514 -0.55867616 -0.47922379 -0.45479919]
191,MLP,BaggingRegressor,SCT+clinical+CT,SSL,0.8869907703137505,0.23143906654011545,0.786787856227946,[-1.12222223 -1.18925349 -0.79522371 -0.74587711 -0.58237731]
192,MLP,KNeighborsRegressor,SCT+clinical+CT,SSL,0.7651838761460334,0.3177856000912693,0.8560095745104765,[-1.12110355 -1.17976987 -0.57881904 -0.45035414 -0.49587278]
193,MLP,AdaBoostRegressor,SCT+clinical+CT,SSL,0.8256108051886388,0.2852466232940275,0.7433087888912739,[-1.14183583 -1.19930214 -0.52737961 -0.60207145 -0.657465  ]
194,MLP,LinearRegression,SCT+clinical+CT,SSL,0.8333125153235825,0.27112191109928396,0.7987723167229098,[-1.13499394 -1.19365249 -0.60205517 -0.60343786 -0.63242311]
195,MLP,SVR,SCT+clinical+CT,SSL,0.8063145318202356,0.2846553747691281,0.7741289167845984,[-1.07943916 -1.21564571 -0.57083195 -0.64467354 -0.5209823 ]
196,MLP,DecisionTreeRegressor,SCT+clinical+CT,SSL,0.9877534663658782,0.36862803973985275,0.7547851401232796,[-1.22785609 -1.5423684  -0.79687624 -0.90428293 -0.46738368]
197,MLP,RandomForestRegressor,SCT+clinical+CT,SSL,0.8263239801837093,0.33098717852633064,0.7715977528338627,[-1.15867491 -1.29282167 -0.5881385  -0.59975772 -0.49222709]
198,MLP,MLPRegressor,SCT+clinical+CT,SSL,0.7856538209516297,0.42938820419178664,0.9950703459818697,[-1.29470474 -1.29365003 -0.64593136 -0.334612   -0.35937097]
199,MLP,GradientBoostingRegressor,SCT+clinical+CT,SSL,0.8199906316746148,0.27904773417234546,0.7726450085457067,[-1.08183826 -1.22410103 -0.53892944 -0.67444965 -0.58063478]
200,MLP,Lasso,SPT+clinical+PT,SSL,0.9747704202642801,0.2572367524544893,0.7906061914527607,[-1.08624927 -1.22095576 -0.58622868 -0.75958225 -1.22083614]
201,MLP,BaggingRegressor,SPT+clinical+PT,SSL,0.8714511136740685,0.2494628543447606,0.7483510234525075,[-1.02470454 -1.27400037 -0.66773909 -0.59018328 -0.80062829]
202,MLP,KNeighborsRegressor,SPT+clinical+PT,SSL,0.8557034949254639,0.265645733883569,0.9279207407937833,[-1.10677436 -1.2014003  -0.58017942 -0.54882305 -0.84134035]
203,MLP,AdaBoostRegressor,SPT+clinical+PT,SSL,0.9337515192835444,0.24055840533057438,0.7031621829694512,[-1.01678698 -1.30692204 -0.80744056 -0.57798893 -0.95961909]
204,MLP,LinearRegression,SPT+clinical+PT,SSL,1.0169830291129132,0.20039748847491942,0.6934850440659027,[-1.08896113 -1.21100681 -0.70493396 -0.86747416 -1.21253909]
205,MLP,SVR,SPT+clinical+PT,SSL,0.9255619121601539,0.26439342174400415,0.7419487064503466,[-1.06347999 -1.23142144 -0.59990434 -0.61758531 -1.11541848]
206,MLP,DecisionTreeRegressor,SPT+clinical+PT,SSL,0.9391596154928493,0.25293830101053516,0.676547559996712,[-1.16567622 -1.24280458 -0.78766437 -0.5476706  -0.95198231]
207,MLP,RandomForestRegressor,SPT+clinical+PT,SSL,0.8813451770866138,0.2435844367449334,0.7762415611668714,[-1.10933865 -1.23933644 -0.71489427 -0.65135578 -0.69180074]
208,MLP,MLPRegressor,SPT+clinical+PT,SSL,0.7391911504448798,0.40521220506222877,1.0760436349396083,[-1.12088027 -1.33194172 -0.47931214 -0.35836019 -0.40546144]
209,MLP,GradientBoostingRegressor,SPT+clinical+PT,SSL,1.0047282629881606,0.2365274847949745,0.7820967861122352,[-1.07361208 -1.21110227 -0.68215023 -0.77618324 -1.2805935 ]
210,MLP,Lasso,CPT+clinical+PT,SSL,0.8463728921456448,0.2569580242654304,0.7964204565541118,[-1.0902926  -1.21960799 -0.59525321 -0.68869225 -0.63801841]
211,MLP,BaggingRegressor,CPT+clinical+PT,SSL,0.853917232050175,0.2774203496156154,0.8528511557137035,[-1.14338771 -1.21139011 -0.78815138 -0.56005466 -0.56660229]
212,MLP,KNeighborsRegressor,CPT+clinical+PT,SSL,0.6847759887748966,0.28372951230829224,0.8363335152592845,[-0.99363124 -1.06593712 -0.43386601 -0.43005339 -0.50039219]
213,MLP,AdaBoostRegressor,CPT+clinical+PT,SSL,0.9831078609241495,0.1664848967892676,0.7671797529241882,[-1.06194085 -1.24726976 -0.7470702  -0.90558497 -0.95367353]
214,MLP,LinearRegression,CPT+clinical+PT,SSL,1.0545102583276145,0.11778514662086861,0.7143642989455867,[-1.04799342 -1.2333227  -0.89319264 -0.97396558 -1.12407695]
215,MLP,SVR,CPT+clinical+PT,SSL,1.0574934926974382,0.12631385227064512,0.7659254845503225,[-1.08321316 -1.22266832 -0.96043733 -0.8727175  -1.14843115]
216,MLP,DecisionTreeRegressor,CPT+clinical+PT,SSL,1.2589611948894326,0.2238391641216819,1.2005615510969059,[-1.07873645 -1.62296097 -1.23370586 -1.36988677 -0.98951593]
217,MLP,RandomForestRegressor,CPT+clinical+PT,SSL,0.974005434257873,0.17031887900832923,0.7818248438343256,[-1.03924731 -1.24455453 -0.73999813 -0.86126737 -0.98495983]
218,MLP,MLPRegressor,CPT+clinical+PT,SSL,0.8275498591581698,0.46452996793613943,0.9986191425725774,[-1.16111905 -1.57177749 -0.45261136 -0.36163599 -0.5906054 ]
219,MLP,GradientBoostingRegressor,CPT+clinical+PT,SSL,0.7800044075753593,0.30627987139855173,0.7894541108055503,[-1.08289123 -1.21549535 -0.59124211 -0.52726723 -0.48312611]
220,MLP,Lasso,CCT+clinical+CT,SSL,0.8786140125371922,0.2572641144224094,0.7374596516279361,[-1.07401437 -1.24286261 -0.51019417 -0.83799179 -0.72800713]
221,MLP,BaggingRegressor,CCT+clinical+CT,SSL,1.0429578935258097,0.249116143902051,1.103494374847072,[-1.27237803 -1.29205972 -0.60388899 -0.99122223 -1.05524049]
222,MLP,KNeighborsRegressor,CCT+clinical+CT,SSL,0.926044051806047,0.2152188792438125,0.7963211425295227,[-1.15004852 -1.22303781 -0.78242889 -0.71110151 -0.76360353]
223,MLP,AdaBoostRegressor,CCT+clinical+CT,SSL,0.9230277192925227,0.3027926579389279,0.7690888445789673,[-1.1448851  -1.32266556 -0.45692713 -0.74492532 -0.94573549]
224,MLP,LinearRegression,CCT+clinical+CT,SSL,0.8728214894541416,0.42904838194521616,0.7309292144379234,[-1.09495068 -1.6116629  -0.46682163 -0.65169398 -0.53897826]
225,MLP,SVR,CCT+clinical+CT,SSL,0.9235146839788385,0.2269217092951204,0.7288788861314381,[-1.07512948 -1.26159303 -0.6227485  -0.90611059 -0.75199182]
226,MLP,DecisionTreeRegressor,CCT+clinical+CT,SSL,1.356796420014793,0.21780741904569234,1.0968826417861588,[-1.44920684 -1.72028206 -1.10019867 -1.33075618 -1.18353834]
227,MLP,RandomForestRegressor,CCT+clinical+CT,SSL,0.8110733923370563,0.2860777150131667,0.8154856792503168,[-1.07416657 -1.23719525 -0.57739846 -0.58788943 -0.57871724]
228,MLP,MLPRegressor,CCT+clinical+CT,SSL,0.8624378844323284,0.41701141039311307,1.3146880704338186,[-1.3574463  -1.38693423 -0.50426935 -0.56637715 -0.4971624 ]
229,MLP,GradientBoostingRegressor,CCT+clinical+CT,SSL,0.795999878478814,0.3014378865378691,0.7966792977829494,[-1.09556983 -1.21390555 -0.4510328  -0.58187899 -0.63761222]
230,MLP,Lasso,FPT+clinical,SSL,1.2248553752523201,0.3462539662768305,0.7347772763193675,[-1.05065688 -1.25068497 -0.81372171 -1.15611396 -1.85309935]
231,MLP,BaggingRegressor,FPT+clinical,SSL,1.0576290233167496,0.26403104918443204,1.0256839006257634,[-1.17374865 -1.48525285 -0.70467697 -0.89353019 -1.03093647]
232,MLP,KNeighborsRegressor,FPT+clinical,SSL,0.9595700873749253,0.2442725991075945,0.8200710157849473,[-1.10425667 -1.32867078 -0.84064786 -0.60549419 -0.91878093]
233,MLP,AdaBoostRegressor,FPT+clinical,SSL,1.1548062973684114,0.2550506666188672,1.1864874617227428,[-1.16115941 -1.32824043 -0.74444565 -1.04631124 -1.49387475]
234,MLP,LinearRegression,FPT+clinical,SSL,1.2916298759325862,0.38995444181623773,0.7579204108319588,[-1.02586338 -1.36798472 -0.85617726 -1.2174008  -1.99072322]
235,MLP,SVR,FPT+clinical,SSL,1.206069358105194,0.20191206532096348,0.770951402727328,[-1.03634033 -1.23321017 -0.9238652  -1.37137853 -1.46555256]
236,MLP,DecisionTreeRegressor,FPT+clinical,SSL,1.2285883171871173,0.234428500872838,1.1776643766019803,[-1.42546268 -1.54275056 -0.90659859 -1.22288898 -1.04524078]
237,MLP,RandomForestRegressor,FPT+clinical,SSL,0.9838372900273828,0.2540070652709548,1.1325578452805898,[-1.257981   -1.26286978 -0.59013784 -0.87353455 -0.93466328]
238,MLP,MLPRegressor,FPT+clinical,SSL,0.9086994697065007,0.34603761884061396,1.0544381289407307,[-1.28758177 -1.32621362 -0.58578571 -0.49241137 -0.85150488]
239,MLP,GradientBoostingRegressor,FPT+clinical,SSL,1.1837682276478207,0.14706031997429506,0.7865198661288729,[-1.04271565 -1.22476183 -0.9961084  -1.25709353 -1.39816173]
240,MLP,Lasso,CPT+clinical,SSL,0.8947631621091492,0.20140259106720138,0.7882986706505174,[-1.04153668 -1.21123445 -0.72741016 -0.8151381  -0.67849642]
241,MLP,BaggingRegressor,CPT+clinical,SSL,0.7928795298603317,0.3020647988021157,0.794433919823081,[-1.04838253 -1.25777404 -0.57336925 -0.51816396 -0.56670787]
242,MLP,KNeighborsRegressor,CPT+clinical,SSL,0.7119512020699893,0.36596401839150655,0.918763434515483,[-1.06527063 -1.23430486 -0.4098454  -0.33515999 -0.51517513]
243,MLP,AdaBoostRegressor,CPT+clinical,SSL,0.7740476174564914,0.29201006395021306,0.7906727246624893,[-1.0086102  -1.22512894 -0.5544787  -0.6152798  -0.46674045]
244,MLP,LinearRegression,CPT+clinical,SSL,0.7859271933414054,0.3130072749052475,0.8218664274595519,[-1.048163   -1.26568445 -0.54914954 -0.59351983 -0.47311915]
245,MLP,SVR,CPT+clinical,SSL,0.8216477098561503,0.25371685843492436,0.8284180012261368,[-1.06154551 -1.19289757 -0.65368888 -0.60577445 -0.59433213]
246,MLP,DecisionTreeRegressor,CPT+clinical,SSL,0.9001160283906108,0.26162256415165863,0.965498091422288,[-1.05964826 -1.33796212 -0.6731735  -0.76468688 -0.66510938]
247,MLP,RandomForestRegressor,CPT+clinical,SSL,0.6723663422922959,0.37223607761416816,0.893272799454183,[-1.01884563 -1.21918634 -0.38454682 -0.30800042 -0.43125251]
248,MLP,MLPRegressor,CPT+clinical,SSL,0.851170528775236,0.3023400156332452,0.7729139842910847,[-1.14888523 -1.27083865 -0.52307331 -0.5899221  -0.72313335]
249,MLP,GradientBoostingRegressor,CPT+clinical,SSL,0.8713814494957143,0.2107973301950959,0.7889491540574104,[-1.03160021 -1.20221829 -0.77340488 -0.68483028 -0.66485359]
250,MLP,Lasso,SCT+clinical,SSL,1.0913433724087347,0.14381923275671163,0.7909194452698329,[-1.0427517  -1.21001943 -0.88858578 -1.02154959 -1.29381037]
251,MLP,BaggingRegressor,SCT+clinical,SSL,1.0631601460003157,0.11350934424494756,0.8176669440791298,[-1.12882283 -1.25647655 -0.98745464 -0.96120083 -0.98184588]
252,MLP,KNeighborsRegressor,SCT+clinical,SSL,0.9640109011446946,0.1778818314301527,0.9867244532059282,[-1.00011418 -1.25771591 -0.71417634 -0.873882   -0.97416607]
253,MLP,AdaBoostRegressor,SCT+clinical,SSL,0.8869516703066809,0.19818532673786643,0.8028499424884892,[-0.99206185 -1.21943115 -0.66980631 -0.81763435 -0.7358247 ]
254,MLP,LinearRegression,SCT+clinical,SSL,1.068858755952603,0.13135780265171718,0.7758906304878562,[-1.03047682 -1.21257885 -1.09134228 -0.8384081  -1.17148774]
255,MLP,SVR,SCT+clinical,SSL,0.9940871136416837,0.16922559034114287,0.7375696632784849,[-1.03527897 -1.25420368 -0.72464179 -0.95917276 -0.99713836]
256,MLP,DecisionTreeRegressor,SCT+clinical,SSL,1.1446306143261142,0.21835090886882677,1.0551442048554618,[-1.43316843 -1.38390246 -0.96741015 -0.91925096 -1.01942107]
257,MLP,RandomForestRegressor,SCT+clinical,SSL,0.8579766852954803,0.3088958799335101,0.9237940153785681,[-1.19358032 -1.26967074 -0.68457656 -0.56066643 -0.58138938]
258,MLP,MLPRegressor,SCT+clinical,SSL,0.8010156793433758,0.2352162257976477,1.2127166732626846,[-0.96835916 -1.17951209 -0.55899279 -0.63118344 -0.66703091]
259,MLP,GradientBoostingRegressor,SCT+clinical,SSL,1.0716100213052875,0.06886013832371105,0.8194106656717624,[-1.04584564 -1.18917898 -1.03125166 -0.98989506 -1.10187877]
260,MLP,Lasso,CCT+clinical,SSL,0.8470805998914906,0.2424985466928075,0.7995967742225262,[-1.04438106 -1.18559303 -0.56850158 -0.84056747 -0.59635985]
261,MLP,BaggingRegressor,CCT+clinical,SSL,1.056650004710318,0.21513892228767864,1.0347253776038432,[-1.03780179 -1.26443321 -0.76935757 -1.33001684 -0.8816406 ]
262,MLP,KNeighborsRegressor,CCT+clinical,SSL,0.8339019364618473,0.2894031651494468,0.715333379570616,[-0.94019747 -1.33709612 -0.60820858 -0.76382436 -0.52018315]
263,MLP,AdaBoostRegressor,CCT+clinical,SSL,0.8745223053952568,0.35142967790574703,0.8792331553753794,[-1.04389913 -1.48780695 -0.5606332  -0.68654411 -0.59372814]
264,MLP,LinearRegression,CCT+clinical,SSL,0.797140819565633,0.32825748079211015,0.8027113169800556,[-1.04386134 -1.31217484 -0.50116202 -0.65523877 -0.47326713]
265,MLP,SVR,CCT+clinical,SSL,0.8784114731772391,0.31986141651200667,0.800417009955994,[-1.01875495 -1.4311177  -0.56223841 -0.77770215 -0.60224415]
266,MLP,DecisionTreeRegressor,CCT+clinical,SSL,0.9396018680128332,0.3273083326143182,1.076394190859348,[-1.13522991 -1.41992468 -0.72403235 -0.94839622 -0.47042618]
267,MLP,RandomForestRegressor,CCT+clinical,SSL,0.8525545118868546,0.35232382080254787,0.7114185389432722,[-1.10048945 -1.40173395 -0.51782919 -0.76037029 -0.48234968]
268,MLP,MLPRegressor,CCT+clinical,SSL,0.7928704809502156,0.4014341467861835,0.8200435321052619,[-1.12584311 -1.41388651 -0.52242991 -0.48615417 -0.4160387 ]
269,MLP,GradientBoostingRegressor,CCT+clinical,SSL,0.856706239766966,0.2414745594360727,0.8223752177687231,[-1.05392123 -1.20448085 -0.55336259 -0.80832336 -0.66344318]
270,MLP,Lasso,FCT+clinical,SSL,0.9007926083066892,0.2365611953680153,0.8493079897919941,[-1.07512071 -1.20121516 -0.59215077 -0.65945657 -0.97601983]
271,MLP,BaggingRegressor,FCT+clinical,SSL,0.8060471191520353,0.24414239201444413,1.152126234262357,[-0.82797495 -1.11423896 -0.56491062 -0.49654734 -1.02656373]
272,MLP,KNeighborsRegressor,FCT+clinical,SSL,0.7375631398207585,0.3344447547385033,0.8349087948683019,[-0.80393922 -1.09188865 -0.38571792 -0.3138096  -1.0924603 ]
273,MLP,AdaBoostRegressor,FCT+clinical,SSL,0.828220870914149,0.29232880105863857,0.9210608820725783,[-0.89263988 -1.27332433 -0.53619291 -0.47855716 -0.96039008]
274,MLP,LinearRegression,FCT+clinical,SSL,1.0740162144889938,0.33364753558426363,0.7944503502850868,[-1.02342958 -1.28844204 -0.6564273  -0.8126315  -1.58915064]
275,MLP,SVR,FCT+clinical,SSL,0.9601561123762401,0.2682334523394742,0.7832565771732575,[-1.03467877 -1.20216422 -0.54178004 -0.77087093 -1.2512866 ]
276,MLP,DecisionTreeRegressor,FCT+clinical,SSL,1.0404506936647118,0.25983339380783865,0.8135459141592349,[-0.98713179 -1.40700898 -0.89521523 -0.66908739 -1.24381007]
277,MLP,RandomForestRegressor,FCT+clinical,SSL,0.7539021542070676,0.3576859020332944,0.9780531019101911,[-0.88919264 -1.0987303  -0.37819606 -0.27986654 -1.12352524]
278,MLP,MLPRegressor,FCT+clinical,SSL,0.5935818634074196,0.27670818157846716,0.9799684368049582,[-0.75791    -1.05188472 -0.46844235 -0.28834249 -0.40132975]
279,MLP,GradientBoostingRegressor,FCT+clinical,SSL,0.8981878072682195,0.20130382267974967,0.8019841925949199,[-1.02435168 -1.19525156 -0.63290945 -0.73088041 -0.90754593]
280,MLP,Lasso,SPT+clinical,SSL,1.0696903375389266,0.10582083648353727,0.7708511049758161,[-1.03708159 -1.21932332 -0.89617768 -1.11836459 -1.0775045 ]
281,MLP,BaggingRegressor,SPT+clinical,SSL,0.8116341505145762,0.23987799750494365,0.9187333224865389,[-0.97572046 -1.1827888  -0.73636499 -0.50557359 -0.65772291]
282,MLP,KNeighborsRegressor,SPT+clinical,SSL,0.891499613493617,0.15959880097519374,0.8062760778706071,[-0.95173015 -1.13631687 -0.81599628 -0.65073215 -0.90272262]
283,MLP,AdaBoostRegressor,SPT+clinical,SSL,0.9858062350957064,0.14591905479645362,0.740023736568587,[-1.0736752  -1.214113   -0.80435465 -0.87039762 -0.9664907 ]
284,MLP,LinearRegression,SPT+clinical,SSL,1.0914590610456298,0.181561720650823,0.7433281465549267,[-1.02646219 -1.35271945 -0.95536874 -0.87162168 -1.25112325]
285,MLP,SVR,SPT+clinical,SSL,0.8622480272320839,0.1791081511872403,0.8170791049067333,[-1.03827403 -1.11580213 -0.68927104 -0.76771179 -0.70018115]
286,MLP,DecisionTreeRegressor,SPT+clinical,SSL,0.9403455548966824,0.1412937659879862,1.3231249853221994,[-1.14747791 -1.01221809 -0.93123523 -0.71808954 -0.892707  ]
287,MLP,RandomForestRegressor,SPT+clinical,SSL,0.8596347832804143,0.19062620025933016,0.9167271468412934,[-1.04328767 -1.12043293 -0.80431228 -0.64081564 -0.68932539]
288,MLP,MLPRegressor,SPT+clinical,SSL,0.7741188862956578,0.40148372803732457,1.0816875344833208,[-1.23518277 -1.2716529  -0.61569157 -0.39121236 -0.35685483]
289,MLP,GradientBoostingRegressor,SPT+clinical,SSL,1.0798777353629312,0.13472049514182985,0.8489743312892644,[-1.07952283 -1.20156417 -1.0393167  -0.85103399 -1.22795098]
