,ALG,DATASET,method,vMAE,vSTD,eMAE,vs
0,GradientBoostingRegressor,FCT,SL,1.1088131181565744,0.14811199525648203,0.8484402842419874,[-1.25641396 -0.92957758 -0.94731379 -1.27968362 -1.13107664]
1,BaggingRegressor,FCT,SL,1.2205020547945207,0.24812033416872104,0.9626301369863013,[-1.12993151 -0.92128425 -1.02491438 -1.52895548 -1.49742466]
2,KNeighborsRegressor,FCT,SL,1.0609296803652968,0.20415638083574572,0.8751232876712329,[-1.22839041 -0.8375     -0.84811644 -1.35188356 -1.03875799]
3,AdaBoostRegressor,FCT,SL,1.167509252708873,0.1884889215550926,0.9166014191970779,[-1.10012173 -1.03315525 -0.92767335 -1.39228026 -1.38431567]
4,LinearRegression,FCT,SL,1.1237255327479718,0.16424163524326632,0.8320212632033268,[-1.28182203 -0.9184252  -0.92992074 -1.26800974 -1.22044996]
5,SVR,FCT,SL,1.08129889495654,0.13754455439531785,0.844089840598557,[-1.07937891 -0.93227538 -0.94523651 -1.30443119 -1.14517248]
6,DecisionTreeRegressor,FCT,SL,1.4390035744066476,0.37460798605493206,1.3782905251141553,[-1.091174   -1.12877426 -1.25340753 -1.64391475 -2.07774734]
7,RandomForestRegressor,FCT,SL,1.2083548337505081,0.23576102271804042,1.0545572202356692,[-1.11614579 -0.9293294  -1.02541657 -1.53307772 -1.43780469]
8,MLPRegressor,FCT,SL,1.1935453888263345,0.25783048053939694,0.9183093563705185,[-1.46260055 -0.79390924 -1.17960611 -1.47751959 -1.05409145]
9,Lasso,FCT,SL,1.1038208849749946,0.1571901470961081,0.8326703658748047,[-1.281197   -0.9184252  -0.92964775 -1.26832192 -1.12151256]
10,GradientBoostingRegressor,FPT,SL,1.1199211841215662,0.16203298494418036,0.8339094072181114,[-1.27829533 -0.94382948 -0.93601965 -1.32329262 -1.11816885]
11,BaggingRegressor,FPT,SL,1.3367621004566208,0.1258975755282205,0.9362465753424658,[-1.34222603 -1.30273973 -1.12111301 -1.42936644 -1.4883653 ]
12,KNeighborsRegressor,FPT,SL,1.1969761542364281,0.18334092511550076,0.8571080669710807,[-1.3875     -0.96482116 -1.07501903 -1.43628234 -1.12125824]
13,AdaBoostRegressor,FPT,SL,1.1968728614927886,0.05293383073722197,0.9280028914810596,[-1.27118939 -1.14835376 -1.17177839 -1.14406701 -1.24897576]
14,LinearRegression,FPT,SL,1.1333666720908255,0.1721862936357622,0.8243178047506138,[-1.21369135 -0.88605909 -1.06978135 -1.4067703  -1.09053127]
15,SVR,FPT,SL,1.0805400370895373,0.14392676070425764,0.7709892594761957,[-1.21415029 -0.93398137 -0.91144123 -1.26923253 -1.07389477]
16,DecisionTreeRegressor,FPT,SL,1.4221319707309434,0.30701634741268324,1.1946264009962642,[-1.27643309 -1.26171233 -1.29025781 -2.03547776 -1.24677886]
17,RandomForestRegressor,FPT,SL,1.2616839921288099,0.17504472609163932,0.9291633346551201,[-1.36796261 -1.05670505 -1.09363229 -1.52935832 -1.26076168]
18,MLPRegressor,FPT,SL,1.4695053103772227,0.15624726889488402,1.1324823883734665,[-1.1959497  -1.44058078 -1.65251072 -1.58294863 -1.47553671]
19,Lasso,FPT,SL,1.1038208849749946,0.1571901470961081,0.8326703658748047,[-1.281197   -0.9184252  -0.92964775 -1.26832192 -1.12151256]
20,GradientBoostingRegressor,SPT,SL,1.1093510596539171,0.16241352787502594,0.8252776737175092,[-1.28647505 -0.9158109  -0.92386805 -1.27462204 -1.14597926]
21,BaggingRegressor,SPT,SL,1.1781511415525114,0.1226355822923418,1.0094657534246574,[-1.35660959 -0.97714041 -1.1877226  -1.22184932 -1.14743379]
22,KNeighborsRegressor,SPT,SL,1.1010913242009133,0.1764806601191548,0.9632328767123288,[-1.19575342 -0.89219178 -1.0265411  -1.39517123 -0.99579909]
23,AdaBoostRegressor,SPT,SL,1.0483194027194525,0.09370036749588544,0.7803220934316826,[-1.10588051 -0.86259073 -1.09355075 -1.07239083 -1.1071842 ]
24,LinearRegression,SPT,SL,1.1443347747361254,0.13714628560703127,0.8074457125408807,[-1.24049736 -0.9134038  -1.06982093 -1.29379395 -1.20415784]
25,SVR,SPT,SL,1.0599577622996967,0.14943643491977013,0.8054046015072227,[-1.19167595 -0.94106668 -0.8843209  -1.27565644 -1.00706883]
26,DecisionTreeRegressor,SPT,SL,1.4662476724356759,0.23608302899319167,1.2086120624048706,[-1.57692678 -1.31473322 -1.10086934 -1.78653682 -1.55217221]
27,RandomForestRegressor,SPT,SL,1.1490172204744866,0.1655219266642305,0.9849065274527844,[-1.26410594 -1.00958186 -0.98103126 -1.41486662 -1.07550041]
28,MLPRegressor,SPT,SL,1.5648583858538352,0.26918360177988504,1.29978959904462,[-1.3954155  -1.99494372 -1.31982376 -1.76735307 -1.34675588]
29,Lasso,SPT,SL,1.1038208849749946,0.1571901470961081,0.8326703658748047,[-1.281197   -0.9184252  -0.92964775 -1.26832192 -1.12151256]
30,GradientBoostingRegressor,SCT,SL,1.0960000015787457,0.1676574656785076,0.8244387960383144,[-1.28043396 -0.89150315 -0.91287953 -1.27017073 -1.12501264]
31,BaggingRegressor,SCT,SL,1.3252422374429227,0.14509081895014928,0.7382328767123288,[-1.48101027 -1.12366438 -1.22726027 -1.49818493 -1.29609132]
32,KNeighborsRegressor,SCT,SL,1.1200984271943175,0.18290460130407363,0.8640943683409438,[-1.3114726  -0.87252664 -0.99834475 -1.34817352 -1.06997463]
33,AdaBoostRegressor,SCT,SL,1.182354894525878,0.187048876021977,0.7913035750826237,[-1.31121125 -0.90580693 -1.04919271 -1.43387203 -1.21169155]
34,LinearRegression,SCT,SL,1.1327149501786142,0.13095809211932902,0.8187748924501351,[-1.24858488 -0.90655983 -1.06298354 -1.21521747 -1.23022902]
35,SVR,SCT,SL,1.0796266319651289,0.14567056410658605,0.7686710920047534,[-1.21560264 -0.93245615 -0.91123124 -1.2730258  -1.06581734]
36,DecisionTreeRegressor,SCT,SL,1.5370279911637565,0.2408348915805435,1.040001630789302,[-1.86539735 -1.18345984 -1.39554061 -1.72821248 -1.51252968]
37,RandomForestRegressor,SCT,SL,1.2622127193299406,0.08227040181945018,0.7674519878268284,[-1.29408797 -1.22028468 -1.13628613 -1.38481652 -1.2755883 ]
38,MLPRegressor,SCT,SL,1.7262055531065266,0.17603690084632664,1.2595617944144608,[-2.07307506 -1.68736081 -1.6035934  -1.65465252 -1.61234597]
39,Lasso,SCT,SL,1.1038208849749946,0.1571901470961081,0.8326703658748047,[-1.281197   -0.9184252  -0.92964775 -1.26832192 -1.12151256]
40,GradientBoostingRegressor,FCT+CT,SL,1.1020857209640786,0.1578502888832008,0.8391600730161736,[-1.28403137 -0.91767681 -0.92848853 -1.26705122 -1.11318067]
41,BaggingRegressor,FCT+CT,SL,1.1540598173515981,0.16317140313692288,1.0152465753424658,[-1.15436644 -0.95813356 -0.99068493 -1.3760274  -1.29108676]
42,KNeighborsRegressor,FCT+CT,SL,1.1070710402203545,0.18083717448520883,0.7606978258314924,[-1.12141907 -0.81899694 -1.04381931 -1.37440342 -1.17671646]
43,AdaBoostRegressor,FCT+CT,SL,1.1015533476839656,0.12718610763819968,0.9049020958936961,[-1.04373394 -0.89460949 -1.14607754 -1.27677917 -1.1465666 ]
44,LinearRegression,FCT+CT,SL,1.1178815610696622,0.16001335915184037,0.8475513743787604,[-1.28781626 -0.8933889  -0.95875091 -1.24193985 -1.20751188]
45,SVR,FCT+CT,SL,1.0797871816309876,0.14265829157062832,0.7705581592432259,[-1.21300979 -0.93267525 -0.9131251  -1.26569526 -1.07443052]
46,DecisionTreeRegressor,FCT+CT,SL,1.3112945205479452,0.13565599845033166,1.0776712328767124,[-1.34366438 -1.06386986 -1.48065068 -1.33732877 -1.3309589 ]
47,RandomForestRegressor,FCT+CT,SL,1.0917288666127758,0.1588222765072935,0.9250237658384229,[-1.15296247 -0.87473263 -0.95500699 -1.3210951  -1.15484714]
48,MLPRegressor,FCT+CT,SL,1.2091789313554329,0.14745435583414707,0.8985772678848098,[-1.13984823 -1.23720692 -1.08543634 -1.48430145 -1.09910172]
49,Lasso,FCT+CT,SL,1.1038208849749946,0.1571901470961081,0.8326703658748047,[-1.281197   -0.9184252  -0.92964775 -1.26832192 -1.12151256]
50,GradientBoostingRegressor,SCT+CT,SL,1.0907148656104018,0.15081062283474375,0.8247246880121756,[-1.24914111 -0.91972995 -0.91965895 -1.26396914 -1.10107518]
51,BaggingRegressor,SCT+CT,SL,1.2235547945205478,0.08690914129851929,1.0237534246575342,[-1.18635274 -1.08912671 -1.20815068 -1.33414384 -1.3       ]
52,KNeighborsRegressor,SCT+CT,SL,1.1620892947742265,0.15241270288476758,0.8221308980213088,[-1.17676941 -0.91824581 -1.13898402 -1.39804033 -1.1784069 ]
53,AdaBoostRegressor,SCT+CT,SL,1.1896028856417096,0.14955055494824582,0.7916990720154191,[-1.06977668 -1.09986298 -1.05286656 -1.43608814 -1.28942006]
54,LinearRegression,SCT+CT,SL,1.110065036980765,0.1541504311277872,0.8539149433861661,[-1.24283518 -0.9743349  -0.91066842 -1.31737554 -1.10511115]
55,SVR,SCT+CT,SL,1.0805221459863261,0.1421434020474981,0.7684103764374476,[-1.20744616 -0.93390893 -0.9186624  -1.27312982 -1.06946342]
56,DecisionTreeRegressor,SCT+CT,SL,1.3445674639414364,0.14409751066850365,1.1136299613628382,[-1.24382542 -1.58978922 -1.4295181  -1.22884239 -1.23086218]
57,RandomForestRegressor,SCT+CT,SL,1.176840141784615,0.11260040575290486,0.751697143069331,[-1.13896701 -0.97574971 -1.26996697 -1.28304317 -1.21647385]
58,MLPRegressor,SCT+CT,SL,1.3298383509123275,0.19963404168237606,0.9919032957043742,[-1.28912433 -1.2597907  -1.16350118 -1.72002691 -1.21674864]
59,Lasso,SCT+CT,SL,1.1098774580777893,0.15419730363711415,0.8539654610813441,[-1.24275232 -0.97343813 -0.91072157 -1.31707189 -1.10540338]
60,GradientBoostingRegressor,CCT,SL,1.124447619784123,0.1652739356942761,0.8269487529009357,[-1.29847616 -0.93120079 -0.94211427 -1.31294492 -1.13750196]
61,BaggingRegressor,CCT,SL,1.3518301369863015,0.1475435604849308,1.0049726027397263,[-1.30753425 -1.48869863 -1.11219178 -1.52513699 -1.32558904]
62,KNeighborsRegressor,CCT,SL,1.205618721461187,0.14167194098466604,0.8587062404870623,[-1.33500761 -1.04031583 -1.05072298 -1.21708524 -1.38496195]
63,AdaBoostRegressor,CCT,SL,1.2776767101859243,0.19352082158600364,0.8248037697995573,[-1.35650851 -1.01998584 -1.09278005 -1.54407265 -1.3750365 ]
64,LinearRegression,CCT,SL,1.1501931070771838,0.13109685540457505,0.8451433262168624,[-1.28437463 -0.96252027 -1.02289035 -1.24944765 -1.23173263]
65,SVR,CCT,SL,1.0761277841501673,0.15233132896702445,0.8009920436171942,[-1.22044101 -0.93508382 -0.87704096 -1.26485683 -1.0832163 ]
66,DecisionTreeRegressor,CCT,SL,1.3768484172846585,0.2762725893455795,1.139678035597801,[-1.57022404 -1.18232761 -1.0878451  -1.8225755  -1.22126984]
67,RandomForestRegressor,CCT,SL,1.3177213073473582,0.13494431430995804,0.8380725532018982,[-1.39396036 -1.16484378 -1.18350318 -1.52712352 -1.31917571]
68,MLPRegressor,CCT,SL,1.3936308256647567,0.17432803627498347,1.077914950692623,[-1.19800209 -1.21440536 -1.67037453 -1.45160345 -1.43376869]
69,Lasso,CCT,SL,1.0935485310147492,0.1630423142640864,0.816576260589807,[-1.26720946 -0.91097718 -0.88612889 -1.24045187 -1.16297525]
70,GradientBoostingRegressor,CPT,SL,1.1011055860266157,0.15410299856907478,0.8218931859978047,[-1.27311738 -0.8998808  -0.94779388 -1.2575488  -1.12718707]
71,BaggingRegressor,CPT,SL,1.1953139269406392,0.17560858681636632,1.024958904109589,[-1.41381849 -0.95020548 -1.03078767 -1.31363014 -1.26812785]
72,KNeighborsRegressor,CPT,SL,1.2697298325722985,0.18874086638276275,0.9353729071537291,[-1.4930175  -0.99562405 -1.16718037 -1.47060502 -1.22222222]
73,AdaBoostRegressor,CPT,SL,1.1465869134550402,0.10150889080370322,0.8060924094512497,[-1.27226099 -1.13039767 -0.96525787 -1.18124568 -1.18377236]
74,LinearRegression,CPT,SL,1.2020192488356947,0.17857143923728266,0.8488386896543301,[-1.25437818 -1.00185464 -1.09513895 -1.5201181  -1.13860637]
75,SVR,CPT,SL,1.0827915362130183,0.1433913307082063,0.7693028542472987,[-1.21515923 -0.94043836 -0.91201224 -1.27195706 -1.07439079]
76,DecisionTreeRegressor,CPT,SL,1.3552613298287353,0.10774108208074026,1.4746355185909983,[-1.36895847 -1.4237323  -1.50963605 -1.21094178 -1.26303805]
77,RandomForestRegressor,CPT,SL,1.2315733563992226,0.13773433193814777,0.9256871134882317,[-1.41356181 -1.08168985 -1.05981042 -1.30406547 -1.29873924]
78,MLPRegressor,CPT,SL,1.3897940440409307,0.20797461405773743,0.8732208395425353,[-1.71318794 -1.06184108 -1.34983254 -1.38428316 -1.43982551]
79,Lasso,CPT,SL,1.1038208849749946,0.1571901470961081,0.8326703658748047,[-1.281197   -0.9184252  -0.92964775 -1.26832192 -1.12151256]
80,GradientBoostingRegressor,CCT+CT,SL,1.1148875853652096,0.16276911095591995,0.8265757423624203,[-1.30651013 -0.92149662 -0.92876068 -1.2638539  -1.15381659]
81,BaggingRegressor,CCT+CT,SL,1.3845267123287672,0.13228715626367057,0.9935342465753424,[-1.47525685 -1.23142123 -1.24066781 -1.40438356 -1.57090411]
82,KNeighborsRegressor,CCT+CT,SL,1.1839781836631151,0.12746604803843117,0.8837290715372907,[-1.3636796  -1.06750381 -1.01436454 -1.25898021 -1.21536276]
83,AdaBoostRegressor,CCT+CT,SL,1.2069880717225563,0.20822738738768945,0.7702205619228639,[-1.3275998  -0.94946553 -0.98524238 -1.28039233 -1.49224031]
84,LinearRegression,CCT+CT,SL,1.1664454500034318,0.11713818645948856,0.8327435008621945,[-1.28776133 -0.95472458 -1.13614419 -1.2475391  -1.20605805]
85,SVR,CCT+CT,SL,1.0828856995266025,0.14167532826299284,0.7793872039354853,[-1.21222971 -0.93562681 -0.91499087 -1.26660119 -1.08497992]
86,DecisionTreeRegressor,CCT+CT,SL,1.597990188172043,0.19697328971758107,1.2460502283105022,[-1.85202177 -1.39324731 -1.65308994 -1.34697917 -1.74461276]
87,RandomForestRegressor,CCT+CT,SL,1.2456038310761628,0.14963215962132995,0.8799151525272704,[-1.43669848 -1.0663933  -1.07898221 -1.28065991 -1.36528526]
88,MLPRegressor,CCT+CT,SL,1.3891160089333456,0.1735946180024647,0.8256582988224093,[-1.6288028  -1.31946482 -1.20423139 -1.56098176 -1.23209928]
89,Lasso,CCT+CT,SL,1.1038208849749946,0.1571901470961081,0.8326703658748047,[-1.281197   -0.9184252  -0.92964775 -1.26832192 -1.12151256]
90,GradientBoostingRegressor,FPT+PT,SL,1.107061626161719,0.14582603108189546,0.8548828534036627,[-1.28602227 -0.93302578 -0.95601332 -1.25264626 -1.10760051]
91,BaggingRegressor,FPT+PT,SL,1.2590824200913242,0.1476295078871684,1.0807671232876712,[-1.53462329 -1.16027397 -1.12445205 -1.2842637  -1.19179909]
92,KNeighborsRegressor,FPT+PT,SL,1.2056329274479962,0.17284090080647505,0.8715677321156772,[-1.47697869 -0.98281963 -1.1162481  -1.31898782 -1.13313039]
93,AdaBoostRegressor,FPT+PT,SL,1.2000691763078852,0.1840454131409991,1.0907998409826658,[-1.26384749 -1.20423857 -0.99058917 -1.50682362 -1.03484704]
94,LinearRegression,FPT+PT,SL,1.1067164100974536,0.15267530854268654,0.8089704122830513,[-1.281197   -0.91900039 -0.94698077 -1.26528868 -1.12111521]
95,SVR,FPT+PT,SL,1.0798268937275182,0.14137151941834228,0.764161178407605,[-1.21115098 -0.93569942 -0.91562588 -1.26652161 -1.07013658]
96,DecisionTreeRegressor,FPT+PT,SL,1.5567956621004568,0.2585629339026552,1.6323744292237443,[-1.7380137  -1.90530822 -1.14726027 -1.4465468  -1.54684932]
97,RandomForestRegressor,FPT+PT,SL,1.2399627853881277,0.1354969398945747,1.0474794520547948,[-1.50020548 -1.19184932 -1.10450342 -1.21691781 -1.1863379 ]
98,MLPRegressor,FPT+PT,SL,1.6794323685405785,0.10565817974068795,1.443653664329089,[-1.5506286  -1.81723109 -1.77009138 -1.57021329 -1.68899747]
99,Lasso,FPT+PT,SL,1.1038208849749946,0.1571901470961081,0.8326703658748047,[-1.281197   -0.9184252  -0.92964775 -1.26832192 -1.12151256]
100,GradientBoostingRegressor,CPT+PT,SL,1.115176814599573,0.14855113383170146,0.8319601371310086,[-1.27931565 -0.93752383 -0.94883871 -1.26832192 -1.14188396]
101,BaggingRegressor,CPT+PT,SL,1.3309155251141553,0.12087239209067231,0.9615753424657536,[-1.36708904 -1.10618151 -1.31481164 -1.42914384 -1.4373516 ]
102,KNeighborsRegressor,CPT+PT,SL,1.1707050566019774,0.15758106128191168,0.8428948105782508,[-1.30341617 -0.86161109 -1.2330245  -1.245325   -1.21014853]
103,AdaBoostRegressor,CPT+PT,SL,1.2328467588330352,0.15518000061094384,0.8923327442829588,[-1.24364434 -1.07283293 -1.12817159 -1.52025404 -1.19933089]
104,LinearRegression,CPT+PT,SL,1.1190200119425846,0.11356852471005262,0.7955494591747951,[-1.29515873 -1.04867685 -1.01454176 -1.21216826 -1.02455446]
105,SVR,CPT+PT,SL,1.0810622360712565,0.14051086205789803,0.762056873982233,[-1.21248708 -0.94086049 -0.91566293 -1.2662877  -1.07001298]
106,DecisionTreeRegressor,CPT+PT,SL,1.4001607114246806,0.11157425474949836,0.8088351090816847,[-1.2152968  -1.35271526 -1.53200613 -1.40923068 -1.49155469]
107,RandomForestRegressor,CPT+PT,SL,1.260019004978987,0.13901197550744732,0.8984086077506965,[-1.2994474  -1.00542999 -1.23256196 -1.37558629 -1.38706937]
108,MLPRegressor,CPT+PT,SL,1.5060975518978073,0.13371939008122335,0.9594332956800902,[-1.34324768 -1.39831953 -1.62497944 -1.69515595 -1.46878516]
109,Lasso,CPT+PT,SL,1.1038208849749946,0.1571901470961081,0.8326703658748047,[-1.281197   -0.9184252  -0.92964775 -1.26832192 -1.12151256]
110,GradientBoostingRegressor,SPT+PT,SL,1.1124857110108795,0.13770097251682367,0.8366355192913266,[-1.29011007 -0.95247246 -0.96038253 -1.23204665 -1.12741685]
111,BaggingRegressor,SPT+PT,SL,1.240398401826484,0.08512523271866997,0.9129315068493151,[-1.38357877 -1.26547945 -1.13491438 -1.24066781 -1.1773516 ]
112,KNeighborsRegressor,SPT+PT,SL,1.1457309260266093,0.15007758999418383,0.8301612381414601,[-1.36522154 -0.9967519  -0.99417279 -1.27567287 -1.09683553]
113,AdaBoostRegressor,SPT+PT,SL,1.2048988051645906,0.1769989071160938,0.7460220064881039,[-1.46555559 -0.91129547 -1.20090788 -1.19336693 -1.25336817]
114,LinearRegression,SPT+PT,SL,1.110403425105495,0.11931592766594142,0.7937499541767996,[-1.26372354 -0.95396258 -1.05210939 -1.23575904 -1.04646258]
115,SVR,SPT+PT,SL,1.0783332085551514,0.14228773400431868,0.762524950390796,[-1.21173339 -0.93655352 -0.91174505 -1.26649835 -1.06513574]
116,DecisionTreeRegressor,SPT+PT,SL,1.4495058387521087,0.037477413919115896,0.8263561643835617,[-1.49115705 -1.49139066 -1.42341299 -1.39625951 -1.44530898]
117,RandomForestRegressor,SPT+PT,SL,1.2117067971349424,0.11401253725963972,0.7572240826677122,[-1.41034065 -1.13574397 -1.08538326 -1.16991981 -1.2571463 ]
118,MLPRegressor,SPT+PT,SL,1.4713724550597895,0.1694332814522134,1.1461851470890683,[-1.51055011 -1.43064755 -1.16604171 -1.62873972 -1.62088319]
119,Lasso,SPT+PT,SL,1.1038208849749946,0.1571901470961081,0.8326703658748047,[-1.281197   -0.9184252  -0.92964775 -1.26832192 -1.12151256]
120,GradientBoostingRegressor,clinical,SL,1.122725911327859,0.15477379740880395,0.8218445332041784,[-1.24808964 -1.02794155 -0.9031488  -1.33764139 -1.09680817]
121,BaggingRegressor,clinical,SL,1.2927100456621006,0.20180317377112889,1.0631095890410958,[-1.30335616 -1.20294521 -1.18058219 -1.67520548 -1.10146119]
122,KNeighborsRegressor,clinical,SL,1.1831131329103381,0.18479096118521882,0.966610229185528,[-1.25777748 -1.12021046 -0.8914586  -1.45902759 -1.18709154]
123,AdaBoostRegressor,clinical,SL,1.292452715773249,0.2692572807992423,0.8343376062176266,[-1.48605047 -1.05777203 -0.94123582 -1.67520303 -1.30200222]
124,LinearRegression,clinical,SL,1.1827930974144072,0.20021851999895346,0.8673625012977375,[-1.38715372 -1.13781789 -0.84117585 -1.38194763 -1.16587039]
125,SVR,clinical,SL,1.1031071059655715,0.1368470560573351,0.753155500333271,[-1.20518856 -1.03051937 -0.90822637 -1.30045454 -1.0711467 ]
126,DecisionTreeRegressor,clinical,SL,1.3892294520547945,0.19550354013890386,1.131810289901243,[-1.36436454 -1.38310502 -1.05833904 -1.6581621  -1.48217656]
127,RandomForestRegressor,clinical,SL,1.2468540573413662,0.22811728764625194,1.0137286455168968,[-1.34996405 -1.15632247 -0.97259063 -1.63450378 -1.12088936]
128,MLPRegressor,clinical,SL,1.1533861764014866,0.19452246766892195,0.7657105639400312,[-1.21813704 -1.08490534 -0.86235307 -1.46227583 -1.1392596 ]
129,Lasso,clinical,SL,1.119638970428354,0.14662518665847854,0.8141199930639846,[-1.26181235 -1.01849315 -0.91594368 -1.30663459 -1.09531107]
130,GradientBoostingRegressor,PT,SL,1.0903512795404917,0.15312111694641412,0.8317214051918601,[-1.24980638 -0.90542313 -0.9076862  -1.23032827 -1.15851243]
131,BaggingRegressor,PT,SL,1.2732365296803654,0.10896196407845113,0.7600821917808218,[-1.19493151 -1.31950342 -1.12527397 -1.28261986 -1.44385388]
132,KNeighborsRegressor,PT,SL,1.0913597410409763,0.12063537253375801,0.7712009543440527,[-1.23493422 -0.87601881 -1.1631377  -1.10906052 -1.07364745]
133,AdaBoostRegressor,PT,SL,1.1829648176303855,0.10179536916245703,0.7560582717812776,[-1.27578571 -1.02655774 -1.10408691 -1.21982491 -1.28856882]
134,LinearRegression,PT,SL,1.1000217580704048,0.10697570203735673,0.7936077278588571,[-1.24328211 -0.95854353 -1.08280003 -1.19791808 -1.01756504]
135,SVR,PT,SL,1.0740802876435693,0.11887490744112537,0.7608123778154945,[-1.19495257 -0.92538964 -1.07039791 -1.21911231 -0.960549  ]
136,DecisionTreeRegressor,PT,SL,1.278467810376871,0.16381046730014023,0.8556413768879523,[-1.0221098  -1.3859589  -1.1635949  -1.34355282 -1.47712263]
137,RandomForestRegressor,PT,SL,1.147861275626892,0.12037036355570802,0.9432805225851322,[-1.17313215 -1.09703326 -0.94191998 -1.26083205 -1.26638893]
138,MLPRegressor,PT,SL,1.2990854688511402,0.20302054166345257,1.085381676385452,[-0.96778475 -1.17090771 -1.49423763 -1.48989347 -1.37260378]
139,Lasso,PT,SL,1.1038208849749946,0.1571901470961081,0.8326703658748047,[-1.281197   -0.9184252  -0.92964775 -1.26832192 -1.12151256]
140,GradientBoostingRegressor,CT,SL,1.130054384450877,0.1572451956035375,0.8311850884518744,[-1.32458199 -0.94035704 -0.96119728 -1.27467396 -1.14946165]
141,BaggingRegressor,CT,SL,1.2875397260273973,0.1512636054031905,0.9761643835616438,[-1.41544521 -1.17851027 -1.04934932 -1.44902397 -1.34536986]
142,KNeighborsRegressor,CT,SL,1.1951502027682728,0.12725905567203488,0.7863946772119521,[-1.24584291 -1.00705038 -1.08960477 -1.28220093 -1.35105202]
143,AdaBoostRegressor,CT,SL,1.1980212442752793,0.08051327953713514,0.9667237100715822,[-1.25601251 -1.04256214 -1.24697247 -1.24785558 -1.19670351]
144,LinearRegression,CT,SL,1.125014266442007,0.12835322326108653,0.8487664412711504,[-1.27255925 -0.95315039 -1.00731098 -1.25571968 -1.13633103]
145,SVR,CT,SL,1.0808777907723754,0.14218324432293766,0.7657006111550594,[-1.21333552 -0.93358733 -0.91644288 -1.26729374 -1.07372948]
146,DecisionTreeRegressor,CT,SL,1.7199450152207003,0.11742319208905179,1.0821917808219177,[-1.82089041 -1.68627283 -1.55030537 -1.6625     -1.87975647]
147,RandomForestRegressor,CT,SL,1.2416106893771601,0.14714393232861125,0.9167639065897448,[-1.36087875 -1.03171255 -1.10396494 -1.30588225 -1.40561495]
148,MLPRegressor,CT,SL,1.2702781084317816,0.1369079223133763,0.8484651347169478,[-1.35554562 -1.02431491 -1.25291812 -1.28931604 -1.42929585]
149,Lasso,CT,SL,1.1038208849749946,0.1571901470961081,0.8326703658748047,[-1.281197   -0.9184252  -0.92964775 -1.26832192 -1.12151256]
150,GradientBoostingRegressor,CT+clinical,SL,1.1202689131886983,0.14445291898523666,0.8245801371657085,[-1.27285981 -0.94787409 -0.95886315 -1.27742816 -1.14431936]
151,BaggingRegressor,CT+clinical,SL,1.3970500000000001,0.2071185373155153,0.6970410958904109,[-1.63039384 -1.06520548 -1.33628425 -1.34717466 -1.60619178]
152,KNeighborsRegressor,CT+clinical,SL,1.2081912247391373,0.1256542461995927,0.7750341267112664,[-1.28350302 -0.97538232 -1.18824395 -1.25862537 -1.33520146]
153,AdaBoostRegressor,CT+clinical,SL,1.2717643555559088,0.06246336567315298,0.8928031892010475,[-1.32114354 -1.15073685 -1.30848372 -1.30446157 -1.2739961 ]
154,LinearRegression,CT+clinical,SL,1.1273728953535873,0.12925507839350817,0.8443573674009748,[-1.27516396 -0.94581343 -1.01990253 -1.25801004 -1.13797452]
155,SVR,CT+clinical,SL,1.0809058900164383,0.14228529416350597,0.7654143371043025,[-1.21349743 -0.93363381 -0.91620221 -1.26739493 -1.07380107]
156,DecisionTreeRegressor,CT+clinical,SL,1.5906617298180987,0.12098817180327057,0.9482557077625572,[-1.37690313 -1.61241228 -1.66688596 -1.56337211 -1.73373516]
157,RandomForestRegressor,CT+clinical,SL,1.2862223330770994,0.18817024429010332,0.8573765819590544,[-1.42070067 -0.99717209 -1.13089457 -1.40079816 -1.48154618]
158,MLPRegressor,CT+clinical,SL,1.3333694769527606,0.15501135848824116,0.7590384901584992,[-1.38264029 -1.23194001 -1.10190948 -1.39261502 -1.55774259]
159,Lasso,CT+clinical,SL,1.1038208849749946,0.1571901470961081,0.8326703658748047,[-1.281197   -0.9184252  -0.92964775 -1.26832192 -1.12151256]
160,GradientBoostingRegressor,PT+clinical,SL,1.1107797316613277,0.149374953791811,0.8273563727993842,[-1.27766434 -0.93605416 -0.93216388 -1.24815668 -1.1598596 ]
161,BaggingRegressor,PT+clinical,SL,1.2220534246575343,0.2125289633612434,0.8424383561643836,[-1.31830479 -0.84457192 -1.44691781 -1.1455137  -1.3549589 ]
162,KNeighborsRegressor,PT+clinical,SL,1.1104996738421395,0.10109175532426914,0.8024657534246575,[-1.24444716 -0.93713307 -1.16306262 -1.09273483 -1.11512068]
163,AdaBoostRegressor,PT+clinical,SL,1.1901094621127153,0.09806288683544859,0.8226173524688768,[-1.32644724 -1.04878463 -1.11639711 -1.20720335 -1.25171498]
164,LinearRegression,PT+clinical,SL,1.107998027728906,0.11260026321760733,0.7756437730113737,[-1.24343987 -0.94927697 -1.072509   -1.22922687 -1.04553744]
165,SVR,PT+clinical,SL,1.072540210534918,0.12059968745967922,0.7443764557948219,[-1.18846391 -0.94164355 -1.03910724 -1.23791657 -0.95556978]
166,DecisionTreeRegressor,PT+clinical,SL,1.3774372725828203,0.2535773561083923,0.8769726313680021,[-1.28667003 -1.33385274 -1.51167319 -0.99451362 -1.76047678]
167,RandomForestRegressor,PT+clinical,SL,1.2049110608452662,0.14443073126486639,0.8159084335404497,[-1.30313426 -0.97969667 -1.28561525 -1.0932446  -1.36286453]
168,MLPRegressor,PT+clinical,SL,1.473233840555808,0.14042871877215637,1.291325604308774,[-1.20120552 -1.53483688 -1.53811183 -1.6008054  -1.49120957]
169,Lasso,PT+clinical,SL,1.1038208849749946,0.1571901470961081,0.8326703658748047,[-1.281197   -0.9184252  -0.92964775 -1.26832192 -1.12151256]
170,GradientBoostingRegressor,FCT+clinical+CT,SL,1.037634099039084,0.10282358844568053,0.8946299889099549,[-1.11676951 -0.92123451 -0.94135378 -1.1906189  -1.01819379]
171,BaggingRegressor,FCT+clinical+CT,SL,1.1618105022831051,0.14753544948448893,0.8532191780821918,[-1.14659247 -1.02611301 -1.11455479 -1.44571918 -1.07607306]
172,KNeighborsRegressor,FCT+clinical+CT,SL,1.074702103833261,0.13226601679742134,0.7396638235871146,[-1.04982557 -0.89612156 -1.01274767 -1.29657528 -1.11824043]
173,AdaBoostRegressor,FCT+clinical+CT,SL,1.0457606053251598,0.1410164023453432,0.7796717570476979,[-1.11825888 -1.09452205 -0.90975445 -1.24442947 -0.86183818]
174,LinearRegression,FCT+clinical+CT,SL,1.1203659858970485,0.1426281663501434,0.8294649158996993,[-1.29263388 -0.95874082 -0.95622699 -1.25708446 -1.13714378]
175,SVR,FCT+clinical+CT,SL,1.0783383106981304,0.0916307307976244,0.7726665170020437,[-1.02031696 -1.00878691 -1.00750654 -1.24491179 -1.11016935]
176,DecisionTreeRegressor,FCT+clinical+CT,SL,1.245261828658404,0.15165323581575793,1.1993746367787463,[-1.24240297 -0.96033771 -1.35300609 -1.28056466 -1.38999772]
177,RandomForestRegressor,FCT+clinical+CT,SL,1.066765174688173,0.12371930547943587,0.9106180083807474,[-1.09809757 -0.97721414 -0.92110807 -1.28169104 -1.05571505]
178,MLPRegressor,FCT+clinical+CT,SL,1.3029611930351424,0.06517846510581833,0.9259885192175028,[-1.32892644 -1.25467942 -1.21199882 -1.40170545 -1.31749584]
179,Lasso,FCT+clinical+CT,SL,1.119638970428354,0.14662518665847854,0.8141199930639846,[-1.26181235 -1.01849315 -0.91594368 -1.30663459 -1.09531107]
180,GradientBoostingRegressor,FPT+clinical+PT,SL,1.1147493046052177,0.1351566178977687,0.8276521123795962,[-1.26580668 -1.04007844 -0.941943   -1.28219024 -1.04372816]
181,BaggingRegressor,FPT+clinical+PT,SL,1.2929696347031965,0.12945694596189217,0.895027397260274,[-1.42729452 -1.40717466 -1.06431507 -1.27232877 -1.29373516]
182,KNeighborsRegressor,FPT+clinical+PT,SL,1.2481100963977678,0.16550051097110474,0.8272450532724506,[-1.4380137  -1.1076484  -1.08424658 -1.4598554  -1.1507864 ]
183,AdaBoostRegressor,FPT+clinical+PT,SL,1.2652373265393309,0.23793693531099597,0.8619896480743249,[-1.13718222 -1.64752844 -1.19405003 -1.39586639 -0.95155956]
184,LinearRegression,FPT+clinical+PT,SL,1.1261665155580314,0.1487979787196567,0.7997223087933405,[-1.26399935 -1.01829905 -0.91893339 -1.31827361 -1.11132719]
185,SVR,FPT+clinical+PT,SL,1.099911490875085,0.13240296111233368,0.747997398142864,[-1.20170724 -1.02393013 -0.91523451 -1.2906822  -1.06800337]
186,DecisionTreeRegressor,FPT+clinical+PT,SL,1.5633128621311538,0.21683716688344154,1.01648369210698,[-1.54272974 -1.86773973 -1.30314212 -1.74386059 -1.35909213]
187,RandomForestRegressor,FPT+clinical+PT,SL,1.1835289012196357,0.1338620082388572,1.0746388405634262,[-1.29225087 -1.35653623 -1.07075937 -1.20115806 -0.99693997]
188,MLPRegressor,FPT+clinical+PT,SL,1.6663138132864481,0.1931443504621118,1.4970798981430435,[-1.518653   -1.84718813 -1.3674132  -1.85985363 -1.73846111]
189,Lasso,FPT+clinical+PT,SL,1.1407213806132765,0.12604825878115153,0.8886414336538568,[-1.23105471 -0.98596258 -1.14221493 -1.32276618 -1.0216085 ]
190,GradientBoostingRegressor,SCT+clinical+CT,SL,1.10924914686213,0.15164689921392938,0.7955348835890226,[-1.26169327 -0.99040303 -0.91042724 -1.30240674 -1.08131545]
191,BaggingRegressor,SCT+clinical+CT,SL,1.2196970319634706,0.08189919937738088,0.8124657534246577,[-1.25832192 -1.13440068 -1.14212329 -1.35609589 -1.20754338]
192,KNeighborsRegressor,SCT+clinical+CT,SL,1.1689672754946727,0.13614893849848755,0.7795890410958903,[-1.15277778 -1.01398402 -1.14878234 -1.42226027 -1.10703196]
193,AdaBoostRegressor,SCT+clinical+CT,SL,1.1810794417007264,0.10206705270620157,0.7348430033877918,[-1.27149608 -1.05288046 -1.1225413  -1.32776059 -1.13071878]
194,LinearRegression,SCT+clinical+CT,SL,1.1133763667791279,0.1488259528451796,0.8302822170231817,[-1.25570841 -1.03130512 -0.90700325 -1.30989801 -1.06296704]
195,SVR,SCT+clinical+CT,SL,1.0989741845403695,0.1334470904430853,0.7503554211633929,[-1.20346312 -1.02161389 -0.9145218  -1.29108211 -1.06419001]
196,DecisionTreeRegressor,SCT+clinical+CT,SL,1.3816955723940403,0.1160164022238135,0.9950072131065282,[-1.51635654 -1.29570491 -1.32125    -1.52551083 -1.24965558]
197,RandomForestRegressor,SCT+clinical+CT,SL,1.2029463556968258,0.09987721445611077,0.7979779522496688,[-1.2104477  -1.04166629 -1.22615979 -1.35409881 -1.1823592 ]
198,MLPRegressor,SCT+clinical+CT,SL,1.3276782260581672,0.15947867429760398,1.0218905955289377,[-1.31141459 -1.44804127 -1.04462462 -1.50738787 -1.32692278]
199,Lasso,SCT+clinical+CT,SL,1.1131435688884905,0.14891459446917746,0.8304013974531743,[-1.25511635 -1.03082872 -0.90642149 -1.30995952 -1.06339175]
200,GradientBoostingRegressor,SPT+clinical+PT,SL,1.1204494118142054,0.13777166920056982,0.8090400306706096,[-1.25150007 -1.04906012 -0.9020719  -1.27838965 -1.12122531]
201,BaggingRegressor,SPT+clinical+PT,SL,1.315075799086758,0.018739986026416907,0.9455890410958906,[-1.32214041 -1.30416096 -1.28578767 -1.32215753 -1.34113242]
202,KNeighborsRegressor,SPT+clinical+PT,SL,1.1858579471326458,0.1643323098662947,0.8786138867915175,[-1.34177423 -1.12654688 -0.94121089 -1.39476303 -1.12499471]
203,AdaBoostRegressor,SPT+clinical+PT,SL,1.2295737149140826,0.10635846862495059,0.7098433797514007,[-1.19396295 -1.16990179 -1.14902231 -1.43952439 -1.19545713]
204,LinearRegression,SPT+clinical+PT,SL,1.1271586008927756,0.1036796197846329,0.7738426908683939,[-1.24280838 -1.07896164 -1.02273103 -1.26066949 -1.03062247]
205,SVR,SPT+clinical+PT,SL,1.0988001271026833,0.1341843575438345,0.7492021349122756,[-1.20178988 -1.02455688 -0.91174101 -1.29281658 -1.0630963 ]
206,DecisionTreeRegressor,SPT+clinical+PT,SL,1.5123682454229896,0.24209303392240702,0.9170115567874652,[-1.45305505 -1.9720624  -1.3508105  -1.2843536  -1.50155967]
207,RandomForestRegressor,SPT+clinical+PT,SL,1.2743901143169065,0.12546414924372043,0.7659008667409613,[-1.50558866 -1.24097423 -1.12774979 -1.274565   -1.22307288]
208,MLPRegressor,SPT+clinical+PT,SL,1.4366519552064514,0.25929102559830797,1.0727265504869206,[-1.54324892 -1.2001981  -1.44760921 -1.8578318  -1.13437175]
209,Lasso,SPT+clinical+PT,SL,1.119638970428354,0.14662518665847854,0.8141199930639846,[-1.26181235 -1.01849315 -0.91594368 -1.30663459 -1.09531107]
210,GradientBoostingRegressor,CPT+clinical+PT,SL,1.1308807277938047,0.13170408374812212,0.8087872361206024,[-1.25075651 -1.06022464 -0.93455024 -1.2993068  -1.10956545]
211,BaggingRegressor,CPT+clinical+PT,SL,1.2152849315068495,0.07414660051790499,0.8834931506849317,[-1.2425     -1.13155822 -1.15398973 -1.20695205 -1.34142466]
212,KNeighborsRegressor,CPT+clinical+PT,SL,1.1835978862056244,0.14871048248316582,0.8559635772016678,[-1.31080755 -0.92999476 -1.2816815  -1.2978929  -1.09761273]
213,AdaBoostRegressor,CPT+clinical+PT,SL,1.215393925197843,0.1198012330322183,0.802846467459481,[-1.25090561 -1.04503767 -1.40052054 -1.24476592 -1.13573989]
214,LinearRegression,CPT+clinical+PT,SL,1.154983956422162,0.11486959006302483,0.7717194576765051,[-1.27495384 -1.2189097  -0.99846847 -1.24765155 -1.03493622]
215,SVR,CPT+clinical+PT,SL,1.1006736009298146,0.13241565676211875,0.746873087748556,[-1.20556383 -1.02697274 -0.91584594 -1.28990299 -1.0650825 ]
216,DecisionTreeRegressor,CPT+clinical+PT,SL,1.5143860115471326,0.18027875856197187,0.8931480505795575,[-1.22427348 -1.62180936 -1.73926057 -1.58086822 -1.40571842]
217,RandomForestRegressor,CPT+clinical+PT,SL,1.2283264831122704,0.05978047135342758,0.8480864592601984,[-1.14984509 -1.21055702 -1.23091228 -1.21599744 -1.33432058]
218,MLPRegressor,CPT+clinical+PT,SL,1.5424652833667558,0.5402362665886404,0.8078386779838379,[-1.26246446 -1.3392969  -1.43138035 -2.59810716 -1.08107755]
219,Lasso,CPT+clinical+PT,SL,1.119638970428354,0.14662518665847854,0.8141199930639846,[-1.26181235 -1.01849315 -0.91594368 -1.30663459 -1.09531107]
220,GradientBoostingRegressor,CCT+clinical+CT,SL,1.1345239246559387,0.1403907713481227,0.8429965288611635,[-1.29145036 -1.05484003 -0.9263316  -1.28847042 -1.11152721]
221,BaggingRegressor,CCT+clinical+CT,SL,1.333783789954338,0.08077479699375434,1.0097123287671232,[-1.35035959 -1.28231164 -1.20583904 -1.42113014 -1.40927854]
222,KNeighborsRegressor,CCT+clinical+CT,SL,1.1918769660071031,0.1342479677052604,0.8868797564687976,[-1.30761035 -1.15129376 -0.96328006 -1.34290335 -1.19429731]
223,AdaBoostRegressor,CCT+clinical+CT,SL,1.2804717358700275,0.1919469194498037,0.7906011880052977,[-1.49150629 -1.16955387 -1.07794549 -1.53307041 -1.13028261]
224,LinearRegression,CCT+clinical+CT,SL,1.1880912757190936,0.09332755818374085,0.8034253189222312,[-1.26008962 -1.05759443 -1.10773625 -1.30870347 -1.2063326 ]
225,SVR,CCT+clinical+CT,SL,1.103716181371419,0.13274334500652032,0.769722123577229,[-1.2075291  -1.02394617 -0.91504283 -1.29046889 -1.08159392]
226,DecisionTreeRegressor,CCT+clinical+CT,SL,1.5485116045484195,0.18058608077897956,1.2845422374429223,[-1.54996453 -1.87773157 -1.48336914 -1.32864869 -1.5028441 ]
227,RandomForestRegressor,CCT+clinical+CT,SL,1.2858058225926912,0.12514316817116172,0.866090468103803,[-1.36942323 -1.16377519 -1.10557904 -1.39944421 -1.39080744]
228,MLPRegressor,CCT+clinical+CT,SL,1.519453560122312,0.1558609063924559,0.876960052020384,[-1.52078321 -1.26358439 -1.62266405 -1.72529039 -1.46494575]
229,Lasso,CCT+clinical+CT,SL,1.119638970428354,0.14662518665847854,0.8141199930639846,[-1.26181235 -1.01849315 -0.91594368 -1.30663459 -1.09531107]
230,GradientBoostingRegressor,FPT+clinical,SL,1.1189335370670936,0.16225405863814543,0.8420898752638699,[-1.27793071 -0.9407629  -0.93601965 -1.32178558 -1.11816885]
231,BaggingRegressor,FPT+clinical,SL,1.3455486301369863,0.184437617262009,0.9802328767123285,[-1.50962329 -1.19613014 -1.16837329 -1.62205479 -1.23156164]
232,KNeighborsRegressor,FPT+clinical,SL,1.2016032470826992,0.1757465850918604,0.852800608828006,[-1.41010274 -0.9821347  -1.08574962 -1.40877093 -1.12125824]
233,AdaBoostRegressor,FPT+clinical,SL,1.1727121599571535,0.13108590352193303,0.9060799652497036,[-1.32139111 -0.96519654 -1.15513065 -1.30451727 -1.11732524]
234,LinearRegression,FPT+clinical,SL,1.1327278319938583,0.1723194746313883,0.8233222057003886,[-1.2136093  -0.88454945 -1.06710301 -1.40555814 -1.09281926]
235,SVR,FPT+clinical,SL,1.0805215018765892,0.1439235376005969,0.7709782197037838,[-1.21413133 -0.93396614 -0.91139831 -1.2691845  -1.07392723]
236,DecisionTreeRegressor,FPT+clinical,SL,1.433630540520005,0.30025958556795457,0.9348318804483189,[-1.27643309 -1.34743151 -1.28562819 -2.0294153  -1.22924462]
237,RandomForestRegressor,FPT+clinical,SL,1.2573245793289618,0.12476964488830922,0.9784647863709234,[-1.29300748 -1.14401185 -1.12602599 -1.47282801 -1.25074957]
238,MLPRegressor,FPT+clinical,SL,1.6194249679350001,0.09768726482400011,1.1335595043299587,[-1.47535612 -1.57199853 -1.62535063 -1.65115343 -1.77326612]
239,Lasso,FPT+clinical,SL,1.1038208849749946,0.1571901470961081,0.8326703658748047,[-1.281197   -0.9184252  -0.92964775 -1.26832192 -1.12151256]
240,GradientBoostingRegressor,CPT+clinical,SL,1.1050236003960057,0.15375484466954611,0.8083621989801804,[-1.27920531 -0.91508332 -0.94557731 -1.26683752 -1.11841454]
241,BaggingRegressor,CPT+clinical,SL,1.2014454337899543,0.17339511862388296,0.9181917808219178,[-1.46167808 -1.17604452 -0.94604452 -1.30261986 -1.12084018]
242,KNeighborsRegressor,CPT+clinical,SL,1.2723333333333335,0.20268641294908393,0.9186149162861493,[-1.51971081 -0.96841705 -1.21229072 -1.47458143 -1.18666667]
243,AdaBoostRegressor,CPT+clinical,SL,1.1942559205267556,0.11790313278686933,0.8184233670084392,[-1.28947916 -1.05548086 -1.05227119 -1.33066015 -1.24338824]
244,LinearRegression,CPT+clinical,SL,1.2187599921932888,0.20733750644608248,0.8461333668849719,[-1.25528404 -0.9998828  -1.09719805 -1.59956626 -1.14186881]
245,SVR,CPT+clinical,SL,1.082808226393437,0.1435514695610752,0.7691213441473352,[-1.21513247 -0.94024954 -0.91193063 -1.27236551 -1.07436298]
246,DecisionTreeRegressor,CPT+clinical,SL,1.334669804814668,0.16259352065373156,0.9489822620302071,[-1.29836461 -1.33210726 -1.22538324 -1.64106164 -1.17643227]
247,RandomForestRegressor,CPT+clinical,SL,1.2131022712466695,0.14215658128750797,0.9290551011002156,[-1.38344188 -1.0752444  -1.0268122  -1.34696958 -1.23304329]
248,MLPRegressor,CPT+clinical,SL,1.3180716141419935,0.22211513185132573,0.841090978691114,[-1.5974423  -0.94580883 -1.26319561 -1.3021809  -1.48173044]
249,Lasso,CPT+clinical,SL,1.1038208849749946,0.1571901470961081,0.8326703658748047,[-1.281197   -0.9184252  -0.92964775 -1.26832192 -1.12151256]
250,GradientBoostingRegressor,SCT+clinical,SL,1.0968912602919145,0.16538853726814595,0.8295169113144614,[-1.28002755 -0.89150315 -0.92268988 -1.27061824 -1.11961748]
251,BaggingRegressor,SCT+clinical,SL,1.3317079908675802,0.2882256696480106,0.9247808219178083,[-1.59244863 -0.87386986 -1.21416096 -1.68196918 -1.29609132]
252,KNeighborsRegressor,SCT+clinical,SL,1.1202331303906647,0.17745420670388815,0.8391171993911721,[-1.29973364 -0.88380898 -1.02589422 -1.35237823 -1.03935058]
253,AdaBoostRegressor,SCT+clinical,SL,1.2147499217976316,0.14011345861272084,0.7809285140488667,[-1.31950675 -1.00061976 -1.11344296 -1.3867121  -1.25346804]
254,LinearRegression,SCT+clinical,SL,1.1342855487402397,0.13237241606516836,0.8210770372685493,[-1.25019585 -0.90477389 -1.06548657 -1.21732349 -1.23364794]
255,SVR,SCT+clinical,SL,1.0793238172257218,0.1456252560136816,0.7690986694164298,[-1.21491039 -0.93148834 -0.9117389  -1.27301866 -1.0654628 ]
256,DecisionTreeRegressor,SCT+clinical,SL,1.466187801774049,0.12335561859571055,1.339012745245622,[-1.63896082 -1.3296455  -1.32051451 -1.53467829 -1.50713989]
257,RandomForestRegressor,SCT+clinical,SL,1.253591780821918,0.09848126105671426,0.9268630136986303,[-1.3102226  -1.1772774  -1.31657534 -1.36339041 -1.10049315]
258,MLPRegressor,SCT+clinical,SL,1.505616138681259,0.2570195685310891,1.55448276960061,[-1.69542735 -1.16863775 -1.58497241 -1.83287802 -1.24616517]
259,Lasso,SCT+clinical,SL,1.1038208849749946,0.1571901470961081,0.8326703658748047,[-1.281197   -0.9184252  -0.92964775 -1.26832192 -1.12151256]
260,GradientBoostingRegressor,CCT+clinical,SL,1.1185440408556897,0.16104839341433355,0.8222175611160282,[-1.28354209 -0.92647073 -0.94275983 -1.30390929 -1.13603827]
261,BaggingRegressor,CCT+clinical,SL,1.295537899543379,0.1680463355698015,1.0213287671232878,[-1.22952055 -1.3614726  -1.03746575 -1.55222603 -1.29700457]
262,KNeighborsRegressor,CCT+clinical,SL,1.2006301369863013,0.1497162199327056,0.8137595129375951,[-1.36288052 -1.01679985 -1.06183409 -1.18124049 -1.38039574]
263,AdaBoostRegressor,CCT+clinical,SL,1.264330760040346,0.22320780297749487,0.8429607619364015,[-1.26169235 -1.1155418  -1.11795798 -1.69712874 -1.12933293]
264,LinearRegression,CCT+clinical,SL,1.1503491393668512,0.1303913097604254,0.8456211348036484,[-1.28450835 -0.96167335 -1.02648779 -1.24851715 -1.23055905]
265,SVR,CCT+clinical,SL,1.0758669524319513,0.15286852039014298,0.8009273641580901,[-1.22097157 -0.93511874 -0.87526743 -1.2647703  -1.08320672]
266,DecisionTreeRegressor,CCT+clinical,SL,1.3891326210827781,0.27441395947318503,1.0745781524411662,[-1.43438356 -1.12152397 -1.197062   -1.89641888 -1.29627468]
267,RandomForestRegressor,CCT+clinical,SL,1.3176270141072695,0.1297288795764237,0.852951687957842,[-1.42293773 -1.15613601 -1.18826669 -1.49111741 -1.32967724]
268,MLPRegressor,CCT+clinical,SL,1.4646332970785463,0.1560666823053382,1.006278902172919,[-1.36216984 -1.40133857 -1.28700881 -1.5447474  -1.72790186]
269,Lasso,CCT+clinical,SL,1.0940027800096481,0.16302244218757606,0.8167302076710439,[-1.26746272 -0.91130758 -0.88654741 -1.24043057 -1.16426563]
270,GradientBoostingRegressor,FCT+clinical,SL,1.1108059366726173,0.15710989200464467,0.8470862742300641,[-1.27363412 -0.91074107 -0.95145724 -1.28708487 -1.13111237]
271,BaggingRegressor,FCT+clinical,SL,1.1838388127853883,0.21926182882470488,1.2042876712328767,[-1.12494863 -1.05696918 -0.87575342 -1.47523973 -1.38628311]
272,KNeighborsRegressor,FCT+clinical,SL,1.1006111111111112,0.17799079906136395,0.8975799086757992,[-1.21223364 -0.89533866 -0.90258752 -1.35146499 -1.14143075]
273,AdaBoostRegressor,FCT+clinical,SL,1.1500898334521992,0.2185068098943007,0.9142452456473101,[-1.13225105 -0.86750958 -0.95776667 -1.38722309 -1.40569877]
274,LinearRegression,FCT+clinical,SL,1.1236834793498678,0.16422826220558703,0.8319952003546456,[-1.28181345 -0.9184252  -0.92989665 -1.26806984 -1.22021226]
275,SVR,FCT+clinical,SL,1.0791204325893595,0.14371817744384974,0.77707131575693,[-1.21253756 -0.93321809 -0.90906021 -1.26684276 -1.07394355]
276,DecisionTreeRegressor,FCT+clinical,SL,1.3870030172799714,0.20427641478758068,1.4145184723951847,[-1.24989155 -1.20325342 -1.23505238 -1.52041286 -1.72640487]
277,RandomForestRegressor,FCT+clinical,SL,1.142678249085135,0.21858686559475335,1.0582178704894702,[-1.04157022 -0.90861932 -0.98334789 -1.50447977 -1.27537403]
278,MLPRegressor,FCT+clinical,SL,1.2897572506008146,0.2770255780315743,0.9524883045094825,[-1.55237724 -0.8232267  -1.18337407 -1.58208531 -1.30772293]
279,Lasso,FCT+clinical,SL,1.1038208849749946,0.1571901470961081,0.8326703658748047,[-1.281197   -0.9184252  -0.92964775 -1.26832192 -1.12151256]
280,GradientBoostingRegressor,SPT+clinical,SL,1.1009270864103864,0.1344468937833531,0.8491653436603939,[-1.25134056 -0.92552367 -0.969357   -1.24012941 -1.1182848 ]
281,BaggingRegressor,SPT+clinical,SL,1.1487312785388128,0.21500079436318825,1.0893835616438357,[-1.39498288 -0.81083904 -1.00099315 -1.32244863 -1.21439269]
282,KNeighborsRegressor,SPT+clinical,SL,1.097128582512429,0.14792011483489348,0.9022306617874524,[-1.14997872 -0.96813236 -0.95318358 -1.35722151 -1.05712675]
283,AdaBoostRegressor,SPT+clinical,SL,1.2016417113421203,0.11956643620415858,0.8809111573945598,[-1.34410159 -1.04401747 -1.21721439 -1.31566945 -1.08720566]
284,LinearRegression,SPT+clinical,SL,1.1470773140276456,0.14110729321600166,0.8056044451629448,[-1.24312345 -0.91314543 -1.06166728 -1.29984683 -1.21760358]
285,SVR,SPT+clinical,SL,1.0577790799884645,0.14724335542274644,0.7979568026901609,[-1.19182421 -0.93217744 -0.89190849 -1.26831535 -1.00466989]
286,DecisionTreeRegressor,SPT+clinical,SL,1.5219672190125957,0.1744364016603888,1.1479981320049812,[-1.73753234 -1.27671789 -1.69909817 -1.40775257 -1.48873512]
287,RandomForestRegressor,SPT+clinical,SL,1.1068920483901104,0.16443551897279182,0.973549221999766,[-1.3211966  -0.86530324 -1.04201045 -1.25891532 -1.04703462]
288,MLPRegressor,SPT+clinical,SL,1.345364651562687,0.15718570859735276,0.9927933547270691,[-1.28002027 -1.26335436 -1.13735211 -1.46769026 -1.57840625]
289,Lasso,SPT+clinical,SL,1.1038208849749946,0.1571901470961081,0.8326703658748047,[-1.281197   -0.9184252  -0.92964775 -1.26832192 -1.12151256]
